"winners_id","winners","winning_tribe"
27,"Amber","Dakal"
274,"Tyson","Dakal"
112,"Sandra","Dakal"
202,"Yul","Dakal"
536,"Wendell","Dakal"
353,"Sophie","Dakal"
371,"Kim","Dakal"
556,"Nick","Dakal"
414,"Sarah","Dakal"
424,"Tony","Dakal"
27,"Amber","Dakal"
274,"Tyson","Dakal"
112,"Sandra","Dakal"
202,"Yul","Dakal"
536,"Wendell","Dakal"
353,"Sophie","Dakal"
371,"Kim","Dakal"
556,"Nick","Dakal"
414,"Sarah","Dakal"
424,"Tony","Dakal"
166,"Danni","Sele"
48,"Ethan","Sele"
55,"Boston Rob","Sele"
197,"Parvati","Sele"
498,"Adam","Sele"
433,"Jeremy","Sele"
386,"Denise","Sele"
516,"Ben","Sele"
478,"Michele","Sele"
442,"Natalie","Sele"
274,"Tyson","Dakal"
112,"Sandra","Dakal"
202,"Yul","Dakal"
536,"Wendell","Dakal"
353,"Sophie","Dakal"
371,"Kim","Dakal"
556,"Nick","Dakal"
414,"Sarah","Dakal"
424,"Tony","Dakal"
274,"Tyson","Dakal"
112,"Sandra","Dakal"
202,"Yul","Dakal"
536,"Wendell","Dakal"
353,"Sophie","Dakal"
371,"Kim","Dakal"
556,"Nick","Dakal"
414,"Sarah","Dakal"
424,"Tony","Dakal"
274,"Tyson","Dakal"
112,"Sandra","Dakal"
202,"Yul","Dakal"
536,"Wendell","Dakal"
353,"Sophie","Dakal"
371,"Kim","Dakal"
556,"Nick","Dakal"
414,"Sarah","Dakal"
424,"Tony","Dakal"
274,"Tyson","Dakal"
112,"Sandra","Dakal"
202,"Yul","Dakal"
536,"Wendell","Dakal"
353,"Sophie","Dakal"
371,"Kim","Dakal"
556,"Nick","Dakal"
414,"Sarah","Dakal"
424,"Tony","Dakal"
55,"Boston Rob","Sele"
197,"Parvati","Sele"
498,"Adam","Sele"
433,"Jeremy","Sele"
386,"Denise","Sele"
516,"Ben","Sele"
478,"Michele","Sele"
442,"Natalie","Sele"
55,"Boston Rob","Sele"
197,"Parvati","Sele"
498,"Adam","Sele"
433,"Jeremy","Sele"
386,"Denise","Sele"
516,"Ben","Sele"
478,"Michele","Sele"
442,"Natalie","Sele"
197,"Parvati","Sele"
202,"Yul","Sele"
536,"Wendell","Sele"
556,"Nick","Sele"
478,"Michele","Sele"
112,"Sandra","Dakal"
371,"Kim","Dakal"
433,"Jeremy","Dakal"
386,"Denise","Dakal"
424,"Tony","Dakal"
498,"Adam","Yara"
353,"Sophie","Yara"
516,"Ben","Yara"
414,"Sarah","Yara"
498,"Adam","Yara"
353,"Sophie","Yara"
516,"Ben","Yara"
414,"Sarah","Yara"
498,"Adam","Yara"
353,"Sophie","Yara"
516,"Ben","Yara"
414,"Sarah","Yara"
498,"Adam","Yara"
353,"Sophie","Yara"
516,"Ben","Yara"
414,"Sarah","Yara"
498,"Adam","Yara"
353,"Sophie","Yara"
516,"Ben","Yara"
414,"Sarah","Yara"
498,"Adam","Yara"
353,"Sophie","Yara"
516,"Ben","Yara"
414,"Sarah","Yara"
498,"Adam","Yara"
353,"Sophie","Yara"
516,"Ben","Yara"
414,"Sarah","Yara"
202,"Yul","Sele"
536,"Wendell","Sele"
556,"Nick","Sele"
478,"Michele","Sele"
498,"Adam","Yara"
353,"Sophie","Yara"
516,"Ben","Yara"
414,"Sarah","Yara"
371,"Kim","Dakal"
433,"Jeremy","Dakal"
386,"Denise","Dakal"
424,"Tony","Dakal"
274,"Tyson",NA
386,"Denise",NA
433,"Jeremy",NA
516,"Ben",NA
371,"Kim",NA
478,"Michele",NA
414,"Sarah",NA
353,"Sophie",NA
556,"Nick",NA
371,"Kim",NA
424,"Tony",NA
516,"Ben",NA
371,"Kim",NA
353,"Sophie",NA
424,"Tony",NA
386,"Denise",NA
424,"Tony",NA
556,"Nick",NA
478,"Michele",NA
442,"Natalie",NA
478,"Michele",NA
386,"Denise",NA
414,"Sarah",NA
478,"Michele",NA
424,"Tony",NA
442,"Natalie",NA
572,"Molly","Vokai"
576,"Jason","Vokai"
577,"Jack","Vokai"
578,"Kellee","Vokai"
579,"Jamal","Vokai"
585,"Dan","Vokai"
586,"Janet","Vokai"
587,"Lauren","Vokai"
588,"Noura","Vokai"
590,"Tommy","Vokai"
572,"Molly","Vokai"
576,"Jason","Vokai"
577,"Jack","Vokai"
578,"Kellee","Vokai"
579,"Jamal","Vokai"
585,"Dan","Vokai"
586,"Janet","Vokai"
587,"Lauren","Vokai"
588,"Noura","Vokai"
590,"Tommy","Vokai"
573,"Vince","Lairo"
574,"Chelsea","Lairo"
575,"Tom","Lairo"
580,"Aaron","Lairo"
581,"Missy","Lairo"
582,"Elizabeth","Lairo"
583,"Karishma","Lairo"
584,"Elaine","Lairo"
589,"Dean","Lairo"
573,"Vince","Lairo"
574,"Chelsea","Lairo"
575,"Tom","Lairo"
580,"Aaron","Lairo"
581,"Missy","Lairo"
582,"Elizabeth","Lairo"
583,"Karishma","Lairo"
584,"Elaine","Lairo"
589,"Dean","Lairo"
576,"Jason","Vokai"
577,"Jack","Vokai"
578,"Kellee","Vokai"
579,"Jamal","Vokai"
585,"Dan","Vokai"
586,"Janet","Vokai"
587,"Lauren","Vokai"
588,"Noura","Vokai"
590,"Tommy","Vokai"
576,"Jason","Vokai"
577,"Jack","Vokai"
578,"Kellee","Vokai"
579,"Jamal","Vokai"
585,"Dan","Vokai"
586,"Janet","Vokai"
587,"Lauren","Vokai"
588,"Noura","Vokai"
590,"Tommy","Vokai"
576,"Jason","Vokai"
577,"Jack","Vokai"
578,"Kellee","Vokai"
579,"Jamal","Vokai"
585,"Dan","Vokai"
586,"Janet","Vokai"
587,"Lauren","Vokai"
588,"Noura","Vokai"
590,"Tommy","Vokai"
576,"Jason","Vokai"
577,"Jack","Vokai"
578,"Kellee","Vokai"
579,"Jamal","Vokai"
585,"Dan","Vokai"
586,"Janet","Vokai"
587,"Lauren","Vokai"
588,"Noura","Vokai"
590,"Tommy","Vokai"
576,"Jason","Vokai"
580,"Aaron","Vokai"
581,"Missy","Vokai"
582,"Elizabeth","Vokai"
584,"Elaine","Vokai"
585,"Dan","Vokai"
587,"Lauren","Vokai"
590,"Tommy","Vokai"
576,"Jason","Vokai"
580,"Aaron","Vokai"
581,"Missy","Vokai"
582,"Elizabeth","Vokai"
584,"Elaine","Vokai"
585,"Dan","Vokai"
587,"Lauren","Vokai"
590,"Tommy","Vokai"
576,"Jason","Vokai"
580,"Aaron","Vokai"
581,"Missy","Vokai"
582,"Elizabeth","Vokai"
584,"Elaine","Vokai"
585,"Dan","Vokai"
587,"Lauren","Vokai"
590,"Tommy","Vokai"
577,"Jack","Lairo"
578,"Kellee","Lairo"
579,"Jamal","Lairo"
583,"Karishma","Lairo"
586,"Janet","Lairo"
588,"Noura","Lairo"
589,"Dean","Lairo"
580,"Aaron","Vokai"
581,"Missy","Vokai"
582,"Elizabeth","Vokai"
584,"Elaine","Vokai"
585,"Dan","Vokai"
587,"Lauren","Vokai"
590,"Tommy","Vokai"
580,"Aaron","Vokai"
581,"Missy","Vokai"
582,"Elizabeth","Vokai"
584,"Elaine","Vokai"
585,"Dan","Vokai"
587,"Lauren","Vokai"
590,"Tommy","Vokai"
580,"Aaron",NA
580,"Aaron",NA
584,"Elaine",NA
582,"Elizabeth",NA
583,"Karishma",NA
581,"Missy",NA
590,"Tommy",NA
588,"Noura",NA
584,"Elaine",NA
588,"Noura",NA
586,"Janet",NA
590,"Tommy",NA
585,"Dan",NA
587,"Lauren",NA
587,"Lauren",NA
590,"Tommy",NA
589,"Dean",NA
588,"Noura",NA
589,"Dean",NA
589,"Dean",NA
588,"Noura",NA
589,"Dean",NA
588,"Noura",NA
477,"Aubry","Kama"
451,"Joe","Kama"
562,"Eric","Kama"
563,"Julia","Kama"
565,"Ron","Kama"
566,"Aurora","Kama"
567,"Victoria","Kama"
569,"Julie","Kama"
570,"Gavin","Kama"
477,"Aubry","Kama"
451,"Joe","Kama"
562,"Eric","Kama"
563,"Julia","Kama"
565,"Ron","Kama"
566,"Aurora","Kama"
567,"Victoria","Kama"
569,"Julie","Kama"
570,"Gavin","Kama"
477,"Aubry","Kama"
451,"Joe","Kama"
562,"Eric","Kama"
563,"Julia","Kama"
565,"Ron","Kama"
566,"Aurora","Kama"
567,"Victoria","Kama"
569,"Julie","Kama"
570,"Gavin","Kama"
477,"Aubry","Kama"
451,"Joe","Kama"
562,"Eric","Kama"
563,"Julia","Kama"
565,"Ron","Kama"
566,"Aurora","Kama"
567,"Victoria","Kama"
569,"Julie","Kama"
570,"Gavin","Kama"
559,"Chris","Manu"
560,"Rick","Manu"
561,"Wendy","Manu"
495,"David","Manu"
429,"Kelley","Manu"
564,"Wardog","Manu"
568,"Lauren","Manu"
477,"Aubry","Kama"
451,"Joe","Kama"
562,"Eric","Kama"
563,"Julia","Kama"
565,"Ron","Kama"
566,"Aurora","Kama"
567,"Victoria","Kama"
569,"Julie","Kama"
570,"Gavin","Kama"
451,"Joe","Kama"
563,"Julia","Kama"
565,"Ron","Kama"
566,"Aurora","Kama"
569,"Julie","Kama"
477,"Aubry","Manu"
561,"Wendy","Manu"
562,"Eric","Manu"
567,"Victoria","Manu"
570,"Gavin","Manu"
451,"Joe","Kama"
563,"Julia","Kama"
565,"Ron","Kama"
566,"Aurora","Kama"
569,"Julie","Kama"
477,"Aubry","Manu"
561,"Wendy","Manu"
562,"Eric","Manu"
567,"Victoria","Manu"
570,"Gavin","Manu"
451,"Joe","Kama"
563,"Julia","Kama"
565,"Ron","Kama"
566,"Aurora","Kama"
569,"Julie","Kama"
495,"David","Lesu"
429,"Kelley","Lesu"
564,"Wardog","Lesu"
568,"Lauren","Lesu"
560,"Rick","Lesu"
451,"Joe","Kama"
563,"Julia","Kama"
565,"Ron","Kama"
566,"Aurora","Kama"
569,"Julie","Kama"
451,"Joe","Kama"
563,"Julia","Kama"
565,"Ron","Kama"
566,"Aurora","Kama"
569,"Julie","Kama"
560,"Rick",NA
569,"Julie",NA
566,"Aurora",NA
562,"Eric",NA
563,"Julia",NA
560,"Rick",NA
564,"Wardog",NA
567,"Victoria",NA
566,"Aurora",NA
570,"Gavin",NA
566,"Aurora",NA
570,"Gavin",NA
429,"Kelley",NA
568,"Lauren",NA
569,"Julie",NA
560,"Rick",NA
569,"Julie",NA
568,"Lauren",NA
560,"Rick",NA
564,"Wardog",NA
560,"Rick",NA
565,"Ron",NA
570,"Gavin",NA
569,"Julie",NA
570,"Gavin",NA
570,"Gavin",NA
567,"Victoria",NA
568,"Lauren",NA
560,"Rick",NA
559,"Chris",NA
569,"Julie",NA
559,"Chris",NA
568,"Lauren",NA
569,"Julie",NA
560,"Rick",NA
559,"Chris",NA
537,"Pat","David"
538,"Jessica","David"
540,"Bi","David"
543,"Lyrsa","David"
544,"Elizabeth","David"
548,"Carl","David"
549,"Gabby","David"
550,"Christian","David"
551,"Davie","David"
556,"Nick","David"
539,"Jeremy","Goliath"
541,"Natalia","Goliath"
542,"Natalie","Goliath"
545,"John","Goliath"
546,"Dan","Goliath"
547,"Alec","Goliath"
552,"Alison","Goliath"
553,"Kara","Goliath"
554,"Angelina","Goliath"
555,"Mike","Goliath"
539,"Jeremy","Goliath"
541,"Natalia","Goliath"
542,"Natalie","Goliath"
545,"John","Goliath"
546,"Dan","Goliath"
547,"Alec","Goliath"
552,"Alison","Goliath"
553,"Kara","Goliath"
554,"Angelina","Goliath"
555,"Mike","Goliath"
539,"Jeremy","Goliath"
541,"Natalia","Goliath"
542,"Natalie","Goliath"
545,"John","Goliath"
546,"Dan","Goliath"
547,"Alec","Goliath"
552,"Alison","Goliath"
553,"Kara","Goliath"
554,"Angelina","Goliath"
555,"Mike","Goliath"
539,"Jeremy","Goliath"
541,"Natalia","Goliath"
542,"Natalie","Goliath"
545,"John","Goliath"
546,"Dan","Goliath"
547,"Alec","Goliath"
552,"Alison","Goliath"
553,"Kara","Goliath"
554,"Angelina","Goliath"
555,"Mike","Goliath"
540,"Bi","David"
543,"Lyrsa","David"
544,"Elizabeth","David"
548,"Carl","David"
549,"Gabby","David"
550,"Christian","David"
551,"Davie","David"
556,"Nick","David"
540,"Bi","David"
543,"Lyrsa","David"
544,"Elizabeth","David"
548,"Carl","David"
549,"Gabby","David"
550,"Christian","David"
551,"Davie","David"
556,"Nick","David"
545,"John","Tiva"
546,"Dan","Tiva"
549,"Gabby","Tiva"
550,"Christian","Tiva"
552,"Alison","Tiva"
545,"John","Tiva"
546,"Dan","Tiva"
549,"Gabby","Tiva"
550,"Christian","Tiva"
552,"Alison","Tiva"
544,"Elizabeth","Vuku"
547,"Alec","Vuku"
548,"Carl","Vuku"
551,"Davie","Vuku"
553,"Kara","Vuku"
542,"Natalie","Jabeni"
543,"Lyrsa","Jabeni"
554,"Angelina","Jabeni"
555,"Mike","Jabeni"
556,"Nick","Jabeni"
544,"Elizabeth","Vuku"
547,"Alec","Vuku"
548,"Carl","Vuku"
551,"Davie","Vuku"
553,"Kara","Vuku"
545,"John","Tiva"
546,"Dan","Tiva"
549,"Gabby","Tiva"
550,"Christian","Tiva"
552,"Alison","Tiva"
545,"John","Tiva"
546,"Dan","Tiva"
549,"Gabby","Tiva"
550,"Christian","Tiva"
552,"Alison","Tiva"
543,"Lyrsa","Jabeni"
554,"Angelina","Jabeni"
555,"Mike","Jabeni"
556,"Nick","Jabeni"
545,"John","Tiva"
546,"Dan","Tiva"
549,"Gabby","Tiva"
550,"Christian","Tiva"
552,"Alison","Tiva"
544,"Elizabeth","Vuku"
547,"Alec","Vuku"
548,"Carl","Vuku"
551,"Davie","Vuku"
553,"Kara","Vuku"
552,"Alison",NA
547,"Alec",NA
552,"Alison",NA
550,"Christian",NA
549,"Gabby",NA
545,"John",NA
556,"Nick",NA
546,"Dan",NA
547,"Alec",NA
546,"Dan",NA
551,"Davie",NA
553,"Kara",NA
555,"Mike",NA
547,"Alec",NA
547,"Alec",NA
552,"Alison",NA
550,"Christian",NA
549,"Gabby",NA
555,"Mike",NA
550,"Christian",NA
548,"Carl",NA
551,"Davie",NA
553,"Kara",NA
555,"Mike",NA
551,"Davie",NA
554,"Angelina",NA
556,"Nick",NA
551,"Davie",NA
555,"Mike",NA
553,"Kara",NA
551,"Davie",NA
553,"Kara",NA
556,"Nick",NA
555,"Mike",NA
556,"Nick",NA
554,"Angelina",NA
555,"Mike",NA
556,"Nick",NA
556,"Nick",NA
556,"Nick",NA
517,"Gonzalez","Malolo"
518,"Jacob","Malolo"
520,"Brendan","Malolo"
521,"Stephanie","Malolo"
522,"James","Malolo"
525,"Libby","Malolo"
527,"Jenna","Malolo"
528,"Michael","Malolo"
532,"Donathan","Malolo"
534,"Laurel","Malolo"
519,"Morgan","Naviti"
523,"Bradley","Naviti"
524,"Chris","Naviti"
526,"Desiree","Naviti"
529,"Chelsea","Naviti"
530,"Kellyn","Naviti"
531,"Sebastian","Naviti"
533,"Angela","Naviti"
535,"Domenick","Naviti"
536,"Wendell","Naviti"
519,"Morgan","Naviti"
523,"Bradley","Naviti"
524,"Chris","Naviti"
526,"Desiree","Naviti"
529,"Chelsea","Naviti"
530,"Kellyn","Naviti"
531,"Sebastian","Naviti"
533,"Angela","Naviti"
535,"Domenick","Naviti"
536,"Wendell","Naviti"
519,"Morgan","Naviti"
523,"Bradley","Naviti"
524,"Chris","Naviti"
526,"Desiree","Naviti"
529,"Chelsea","Naviti"
530,"Kellyn","Naviti"
531,"Sebastian","Naviti"
533,"Angela","Naviti"
535,"Domenick","Naviti"
536,"Wendell","Naviti"
520,"Brendan","Malolo"
521,"Stephanie","Malolo"
523,"Bradley","Malolo"
526,"Desiree","Malolo"
527,"Jenna","Malolo"
528,"Michael","Malolo"
529,"Chelsea","Malolo"
530,"Kellyn","Malolo"
531,"Sebastian","Malolo"
520,"Brendan","Malolo"
521,"Stephanie","Malolo"
523,"Bradley","Malolo"
526,"Desiree","Malolo"
527,"Jenna","Malolo"
528,"Michael","Malolo"
529,"Chelsea","Malolo"
530,"Kellyn","Malolo"
531,"Sebastian","Malolo"
522,"James","Naviti"
524,"Chris","Naviti"
525,"Libby","Naviti"
532,"Donathan","Naviti"
533,"Angela","Naviti"
534,"Laurel","Naviti"
535,"Domenick","Naviti"
536,"Wendell","Naviti"
522,"James","Naviti"
524,"Chris","Naviti"
525,"Libby","Naviti"
532,"Donathan","Naviti"
533,"Angela","Naviti"
534,"Laurel","Naviti"
535,"Domenick","Naviti"
536,"Wendell","Naviti"
522,"James","Naviti"
524,"Chris","Naviti"
525,"Libby","Naviti"
532,"Donathan","Naviti"
533,"Angela","Naviti"
534,"Laurel","Naviti"
535,"Domenick","Naviti"
536,"Wendell","Naviti"
522,"James","Naviti"
524,"Chris","Naviti"
525,"Libby","Naviti"
532,"Donathan","Naviti"
533,"Angela","Naviti"
534,"Laurel","Naviti"
535,"Domenick","Naviti"
536,"Wendell","Naviti"
524,"Chris","Yanuya"
527,"Jenna","Yanuya"
531,"Sebastian","Yanuya"
534,"Laurel","Yanuya"
536,"Wendell","Yanuya"
523,"Bradley","Naviti"
525,"Libby","Naviti"
529,"Chelsea","Naviti"
532,"Donathan","Naviti"
535,"Domenick","Naviti"
523,"Bradley","Naviti"
525,"Libby","Naviti"
529,"Chelsea","Naviti"
532,"Donathan","Naviti"
535,"Domenick","Naviti"
524,"Chris","Yanuya"
527,"Jenna","Yanuya"
531,"Sebastian","Yanuya"
534,"Laurel","Yanuya"
536,"Wendell","Yanuya"
524,"Chris","Yanuya"
527,"Jenna","Yanuya"
531,"Sebastian","Yanuya"
534,"Laurel","Yanuya"
536,"Wendell","Yanuya"
526,"Desiree","Malolo"
528,"Michael","Malolo"
530,"Kellyn","Malolo"
533,"Angela","Malolo"
530,"Kellyn",NA
533,"Angela",NA
529,"Chelsea",NA
532,"Donathan",NA
534,"Laurel",NA
525,"Libby",NA
536,"Wendell",NA
533,"Angela",NA
529,"Chelsea",NA
527,"Jenna",NA
530,"Kellyn",NA
528,"Michael",NA
531,"Sebastian",NA
529,"Chelsea",NA
529,"Chelsea",NA
535,"Domenick",NA
531,"Sebastian",NA
535,"Domenick",NA
532,"Donathan",NA
536,"Wendell",NA
535,"Domenick",NA
535,"Domenick",NA
536,"Wendell",NA
534,"Laurel",NA
534,"Laurel",NA
536,"Wendell",NA
533,"Angela",NA
531,"Sebastian",NA
536,"Wendell",NA
536,"Wendell",NA
535,"Domenick",NA
503,"Roark","Soko"
505,"Jessica","Soko"
506,"Desi","Soko"
507,"Cole","Soko"
509,"Joe","Soko"
512,"Mike","Soko"
499,"Katrina","Levu"
502,"Alan","Levu"
508,"JP","Levu"
511,"Ashley","Levu"
515,"Chrissy","Levu"
516,"Ben","Levu"
503,"Roark","Soko"
505,"Jessica","Soko"
506,"Desi","Soko"
507,"Cole","Soko"
509,"Joe","Soko"
512,"Mike","Soko"
500,"Simone","Yawa"
501,"Patrick","Yawa"
504,"Ali","Yawa"
510,"Lauren","Yawa"
513,"Devon","Yawa"
514,"Ryan","Yawa"
503,"Roark","Soko"
505,"Jessica","Soko"
506,"Desi","Soko"
507,"Cole","Soko"
509,"Joe","Soko"
512,"Mike","Soko"
503,"Roark","Soko"
505,"Jessica","Soko"
506,"Desi","Soko"
507,"Cole","Soko"
509,"Joe","Soko"
512,"Mike","Soko"
502,"Alan","Levu"
508,"JP","Levu"
511,"Ashley","Levu"
515,"Chrissy","Levu"
516,"Ben","Levu"
502,"Alan","Levu"
508,"JP","Levu"
511,"Ashley","Levu"
515,"Chrissy","Levu"
516,"Ben","Levu"
505,"Jessica","Yawa"
507,"Cole","Yawa"
510,"Lauren","Yawa"
512,"Mike","Yawa"
516,"Ben","Yawa"
505,"Jessica","Yawa"
507,"Cole","Yawa"
510,"Lauren","Yawa"
512,"Mike","Yawa"
516,"Ben","Yawa"
503,"Roark","Soko"
504,"Ali","Soko"
508,"JP","Soko"
514,"Ryan","Soko"
515,"Chrissy","Soko"
506,"Desi","Levu"
509,"Joe","Levu"
511,"Ashley","Levu"
513,"Devon","Levu"
505,"Jessica","Yawa"
507,"Cole","Yawa"
510,"Lauren","Yawa"
512,"Mike","Yawa"
516,"Ben","Yawa"
505,"Jessica","Yawa"
507,"Cole","Yawa"
510,"Lauren","Yawa"
512,"Mike","Yawa"
516,"Ben","Yawa"
506,"Desi","Levu"
509,"Joe","Levu"
511,"Ashley","Levu"
513,"Devon","Levu"
504,"Ali","Soko"
508,"JP","Soko"
514,"Ryan","Soko"
515,"Chrissy","Soko"
505,"Jessica","Yawa"
507,"Cole","Yawa"
510,"Lauren","Yawa"
512,"Mike","Yawa"
516,"Ben","Yawa"
505,"Jessica","Yawa"
507,"Cole","Yawa"
510,"Lauren","Yawa"
512,"Mike","Yawa"
516,"Ben","Yawa"
506,"Desi","Levu"
509,"Joe","Levu"
511,"Ashley","Levu"
513,"Devon","Levu"
506,"Desi",NA
515,"Chrissy",NA
507,"Cole",NA
513,"Devon",NA
508,"JP",NA
514,"Ryan",NA
509,"Joe",NA
507,"Cole",NA
515,"Chrissy",NA
507,"Cole",NA
508,"JP",NA
509,"Joe",NA
512,"Mike",NA
510,"Lauren",NA
510,"Lauren",NA
511,"Ashley",NA
516,"Ben",NA
513,"Devon",NA
511,"Ashley",NA
511,"Ashley",NA
516,"Ben",NA
513,"Devon",NA
509,"Joe",NA
515,"Chrissy",NA
515,"Chrissy",NA
511,"Ashley",NA
512,"Mike",NA
514,"Ryan",NA
511,"Ashley",NA
515,"Chrissy",NA
513,"Devon",NA
514,"Ryan",NA
515,"Chrissy",NA
515,"Chrissy",NA
513,"Devon",NA
512,"Mike",NA
515,"Chrissy",NA
515,"Chrissy",NA
281,"J.T.","Nuku"
201,"Ozzy","Nuku"
470,"Debbie","Nuku"
490,"Zeke","Nuku"
456,"Sierra","Nuku"
333,"Andrea","Nuku"
179,"Cirie","Nuku"
476,"Tai","Nuku"
401,"Brad","Nuku"
414,"Sarah","Nuku"
281,"J.T.","Nuku"
201,"Ozzy","Nuku"
470,"Debbie","Nuku"
490,"Zeke","Nuku"
456,"Sierra","Nuku"
333,"Andrea","Nuku"
179,"Cirie","Nuku"
476,"Tai","Nuku"
401,"Brad","Nuku"
414,"Sarah","Nuku"
281,"J.T.","Nuku"
201,"Ozzy","Nuku"
470,"Debbie","Nuku"
490,"Zeke","Nuku"
456,"Sierra","Nuku"
333,"Andrea","Nuku"
179,"Cirie","Nuku"
476,"Tai","Nuku"
401,"Brad","Nuku"
414,"Sarah","Nuku"
281,"J.T.","Nuku"
201,"Ozzy","Nuku"
470,"Debbie","Nuku"
490,"Zeke","Nuku"
456,"Sierra","Nuku"
333,"Andrea","Nuku"
179,"Cirie","Nuku"
476,"Tai","Nuku"
401,"Brad","Nuku"
414,"Sarah","Nuku"
384,"Malcolm","Nuku"
281,"J.T.","Nuku"
112,"Sandra","Nuku"
23,"Jeff","Nuku"
485,"Michaela","Nuku"
477,"Aubry","Nuku"
384,"Malcolm","Nuku"
281,"J.T.","Nuku"
112,"Sandra","Nuku"
23,"Jeff","Nuku"
485,"Michaela","Nuku"
477,"Aubry","Nuku"
384,"Malcolm","Nuku"
281,"J.T.","Nuku"
112,"Sandra","Nuku"
23,"Jeff","Nuku"
485,"Michaela","Nuku"
477,"Aubry","Nuku"
450,"Hali","Mana"
470,"Debbie","Mana"
456,"Sierra","Mana"
476,"Tai","Mana"
401,"Brad","Mana"
201,"Ozzy","Tavua"
490,"Zeke","Tavua"
333,"Andrea","Tavua"
179,"Cirie","Tavua"
364,"Troyzan","Tavua"
414,"Sarah","Tavua"
201,"Ozzy","Tavua"
490,"Zeke","Tavua"
333,"Andrea","Tavua"
179,"Cirie","Tavua"
364,"Troyzan","Tavua"
414,"Sarah","Tavua"
281,"J.T.","Nuku"
112,"Sandra","Nuku"
23,"Jeff","Nuku"
485,"Michaela","Nuku"
477,"Aubry","Nuku"
450,"Hali","Mana"
470,"Debbie","Mana"
456,"Sierra","Mana"
476,"Tai","Mana"
401,"Brad","Mana"
201,"Ozzy","Tavua"
490,"Zeke","Tavua"
333,"Andrea","Tavua"
179,"Cirie","Tavua"
364,"Troyzan","Tavua"
414,"Sarah","Tavua"
470,"Debbie",NA
450,"Hali","Mana"
470,"Debbie","Mana"
456,"Sierra","Mana"
476,"Tai","Mana"
401,"Brad","Mana"
23,"Jeff","Nuku"
485,"Michaela","Nuku"
477,"Aubry","Nuku"
450,"Hali","Mana"
470,"Debbie","Mana"
456,"Sierra","Mana"
476,"Tai","Mana"
401,"Brad","Mana"
333,"Andrea",NA
333,"Andrea",NA
470,"Debbie",NA
201,"Ozzy",NA
476,"Tai",NA
364,"Troyzan",NA
490,"Zeke",NA
476,"Tai",NA
333,"Andrea",NA
477,"Aubry",NA
401,"Brad",NA
470,"Debbie",NA
456,"Sierra",NA
364,"Troyzan",NA
333,"Andrea",NA
477,"Aubry",NA
401,"Brad",NA
414,"Sarah",NA
490,"Zeke",NA
333,"Andrea",NA
333,"Andrea",NA
477,"Aubry",NA
401,"Brad",NA
179,"Cirie",NA
414,"Sarah",NA
401,"Brad",NA
477,"Aubry",NA
401,"Brad",NA
401,"Brad",NA
414,"Sarah",NA
364,"Troyzan",NA
401,"Brad",NA
401,"Brad",NA
401,"Brad",NA
480,"Mari","Vanua"
484,"Figgy","Vanua"
485,"Michaela","Vanua"
486,"Michelle","Vanua"
487,"Taylor","Vanua"
490,"Zeke","Vanua"
491,"Will","Vanua"
493,"Jay","Vanua"
496,"Hannah","Vanua"
498,"Adam","Vanua"
480,"Mari","Vanua"
484,"Figgy","Vanua"
485,"Michaela","Vanua"
486,"Michelle","Vanua"
487,"Taylor","Vanua"
490,"Zeke","Vanua"
491,"Will","Vanua"
493,"Jay","Vanua"
496,"Hannah","Vanua"
498,"Adam","Vanua"
481,"Paul","Takali"
482,"Lucy","Takali"
483,"CeCe","Takali"
488,"Chris","Takali"
489,"Jessica","Takali"
492,"Sunday","Takali"
494,"Bret","Takali"
495,"David","Takali"
497,"Ken","Takali"
481,"Paul","Takali"
482,"Lucy","Takali"
483,"CeCe","Takali"
488,"Chris","Takali"
489,"Jessica","Takali"
492,"Sunday","Takali"
494,"Bret","Takali"
495,"David","Takali"
497,"Ken","Takali"
484,"Figgy","Vanua"
485,"Michaela","Vanua"
486,"Michelle","Vanua"
487,"Taylor","Vanua"
490,"Zeke","Vanua"
491,"Will","Vanua"
493,"Jay","Vanua"
496,"Hannah","Vanua"
498,"Adam","Vanua"
484,"Figgy","Vanua"
485,"Michaela","Vanua"
486,"Michelle","Vanua"
487,"Taylor","Vanua"
490,"Zeke","Vanua"
491,"Will","Vanua"
493,"Jay","Vanua"
496,"Hannah","Vanua"
498,"Adam","Vanua"
482,"Lucy","Takali"
483,"CeCe","Takali"
488,"Chris","Takali"
489,"Jessica","Takali"
492,"Sunday","Takali"
494,"Bret","Takali"
495,"David","Takali"
497,"Ken","Takali"
484,"Figgy","Vanua"
485,"Michaela","Vanua"
486,"Michelle","Vanua"
487,"Taylor","Vanua"
490,"Zeke","Vanua"
491,"Will","Vanua"
493,"Jay","Vanua"
496,"Hannah","Vanua"
498,"Adam","Vanua"
485,"Michaela","Ikabula"
491,"Will","Ikabula"
492,"Sunday","Ikabula"
493,"Jay","Ikabula"
494,"Bret","Ikabula"
496,"Hannah","Ikabula"
484,"Figgy","Takali"
487,"Taylor","Takali"
489,"Jessica","Takali"
497,"Ken","Takali"
498,"Adam","Takali"
486,"Michelle","Vanua"
488,"Chris","Vanua"
490,"Zeke","Vanua"
495,"David","Vanua"
485,"Michaela","Ikabula"
491,"Will","Ikabula"
492,"Sunday","Ikabula"
493,"Jay","Ikabula"
494,"Bret","Ikabula"
496,"Hannah","Ikabula"
485,"Michaela","Ikabula"
491,"Will","Ikabula"
492,"Sunday","Ikabula"
493,"Jay","Ikabula"
494,"Bret","Ikabula"
496,"Hannah","Ikabula"
486,"Michelle","Vanua"
488,"Chris","Vanua"
490,"Zeke","Vanua"
495,"David","Vanua"
486,"Michelle","Vanua"
488,"Chris","Vanua"
490,"Zeke","Vanua"
495,"David","Vanua"
485,"Michaela","Ikabula"
491,"Will","Ikabula"
492,"Sunday","Ikabula"
493,"Jay","Ikabula"
494,"Bret","Ikabula"
496,"Hannah","Ikabula"
487,"Taylor","Takali"
489,"Jessica","Takali"
497,"Ken","Takali"
498,"Adam","Takali"
486,"Michelle","Vanua"
488,"Chris","Vanua"
490,"Zeke","Vanua"
495,"David","Vanua"
491,"Will",NA
494,"Bret",NA
488,"Chris",NA
495,"David",NA
497,"Ken",NA
492,"Sunday",NA
487,"Taylor",NA
497,"Ken",NA
498,"Adam",NA
494,"Bret",NA
496,"Hannah",NA
492,"Sunday",NA
490,"Zeke",NA
495,"David",NA
494,"Bret",NA
492,"Sunday",NA
490,"Zeke",NA
495,"David",NA
493,"Jay",NA
493,"Jay",NA
498,"Adam",NA
492,"Sunday",NA
491,"Will",NA
498,"Adam",NA
493,"Jay",NA
497,"Ken",NA
495,"David",NA
493,"Jay",NA
498,"Adam",NA
495,"David",NA
495,"David",NA
497,"Ken",NA
497,"Ken",NA
463,"Liz","Chan Loh"
467,"Peter","Chan Loh"
468,"Neal","Chan Loh"
470,"Debbie","Chan Loh"
474,"Joe","Chan Loh"
477,"Aubry","Chan Loh"
463,"Liz","Chan Loh"
467,"Peter","Chan Loh"
468,"Neal","Chan Loh"
470,"Debbie","Chan Loh"
474,"Joe","Chan Loh"
477,"Aubry","Chan Loh"
464,"Caleb","Gondol"
466,"Anna","Gondol"
469,"Nick","Gondol"
472,"Julia","Gondol"
476,"Tai","Gondol"
478,"Michele","Gondol"
464,"Caleb","Gondol"
466,"Anna","Gondol"
469,"Nick","Gondol"
472,"Julia","Gondol"
476,"Tai","Gondol"
478,"Michele","Gondol"
464,"Caleb","Gondol"
466,"Anna","Gondol"
469,"Nick","Gondol"
472,"Julia","Gondol"
476,"Tai","Gondol"
478,"Michele","Gondol"
464,"Caleb","Gondol"
466,"Anna","Gondol"
469,"Nick","Gondol"
472,"Julia","Gondol"
476,"Tai","Gondol"
478,"Michele","Gondol"
467,"Peter","Chan Loh"
468,"Neal","Chan Loh"
470,"Debbie","Chan Loh"
474,"Joe","Chan Loh"
477,"Aubry","Chan Loh"
467,"Peter","Chan Loh"
468,"Neal","Chan Loh"
470,"Debbie","Chan Loh"
474,"Joe","Chan Loh"
477,"Aubry","Chan Loh"
466,"Anna","Gondol"
469,"Nick","Gondol"
472,"Julia","Gondol"
476,"Tai","Gondol"
478,"Michele","Gondol"
466,"Anna","Gondol"
469,"Nick","Gondol"
472,"Julia","Gondol"
476,"Tai","Gondol"
478,"Michele","Gondol"
472,"Julia",NA
468,"Neal","Chan Loh"
469,"Nick","Chan Loh"
470,"Debbie","Chan Loh"
473,"Jason","Chan Loh"
475,"Cydney","Chan Loh"
478,"Michele","Chan Loh"
467,"Peter","Gondol"
471,"Scot","Gondol"
472,"Julia","Gondol"
474,"Joe","Gondol"
476,"Tai","Gondol"
477,"Aubry","Gondol"
468,"Neal","Chan Loh"
469,"Nick","Chan Loh"
470,"Debbie","Chan Loh"
473,"Jason","Chan Loh"
475,"Cydney","Chan Loh"
478,"Michele","Chan Loh"
469,"Nick",NA
470,"Debbie",NA
472,"Julia",NA
469,"Nick",NA
471,"Scot",NA
476,"Tai",NA
476,"Tai",NA
473,"Jason",NA
472,"Julia",NA
471,"Scot",NA
476,"Tai",NA
472,"Julia",NA
472,"Julia",NA
478,"Michele",NA
476,"Tai",NA
473,"Jason",NA
475,"Cydney",NA
478,"Michele",NA
477,"Aubry",NA
478,"Michele",NA
473,"Jason",NA
478,"Michele",NA
476,"Tai",NA
475,"Cydney",NA
474,"Joe",NA
477,"Aubry",NA
475,"Cydney",NA
477,"Aubry",NA
475,"Cydney",NA
478,"Michele",NA
478,"Michele",NA
402,"Vytas","Ta Keo"
453,"Shirin","Ta Keo"
233,"Peih-Gee","Ta Keo"
23,"Jeff","Ta Keo"
180,"Terry","Ta Keo"
423,"Woo","Ta Keo"
15,"Kelly","Ta Keo"
383,"Abi-Maria","Ta Keo"
429,"Kelley","Ta Keo"
421,"Spencer","Ta Keo"
295,"Monica","Bayon"
422,"Kass","Bayon"
105,"Andrew","Bayon"
406,"Ciera","Bayon"
280,"Stephen","Bayon"
451,"Joe","Bayon"
21,"Kimmi","Bayon"
439,"Keith","Bayon"
419,"Tasha","Bayon"
433,"Jeremy","Bayon"
295,"Monica","Bayon"
422,"Kass","Bayon"
105,"Andrew","Bayon"
406,"Ciera","Bayon"
280,"Stephen","Bayon"
451,"Joe","Bayon"
21,"Kimmi","Bayon"
439,"Keith","Bayon"
419,"Tasha","Bayon"
433,"Jeremy","Bayon"
295,"Monica","Bayon"
422,"Kass","Bayon"
105,"Andrew","Bayon"
406,"Ciera","Bayon"
280,"Stephen","Bayon"
451,"Joe","Bayon"
21,"Kimmi","Bayon"
439,"Keith","Bayon"
419,"Tasha","Bayon"
433,"Jeremy","Bayon"
295,"Monica","Bayon"
422,"Kass","Bayon"
105,"Andrew","Bayon"
406,"Ciera","Bayon"
280,"Stephen","Bayon"
451,"Joe","Bayon"
21,"Kimmi","Bayon"
439,"Keith","Bayon"
419,"Tasha","Bayon"
433,"Jeremy","Bayon"
180,"Terry","Ta Keo"
422,"Kass","Ta Keo"
406,"Ciera","Ta Keo"
451,"Joe","Ta Keo"
439,"Keith","Ta Keo"
429,"Kelley","Ta Keo"
295,"Monica","Bayon"
15,"Kelly","Bayon"
280,"Stephen","Bayon"
21,"Kimmi","Bayon"
421,"Spencer","Bayon"
433,"Jeremy","Bayon"
105,"Andrew",NA
180,"Terry",NA
295,"Monica","Bayon"
15,"Kelly","Bayon"
280,"Stephen","Bayon"
21,"Kimmi","Bayon"
421,"Spencer","Bayon"
433,"Jeremy","Bayon"
180,"Terry","Ta Keo"
422,"Kass","Ta Keo"
406,"Ciera","Ta Keo"
451,"Joe","Ta Keo"
439,"Keith","Ta Keo"
429,"Kelley","Ta Keo"
180,"Terry","Ta Keo"
422,"Kass","Ta Keo"
406,"Ciera","Ta Keo"
451,"Joe","Ta Keo"
439,"Keith","Ta Keo"
429,"Kelley","Ta Keo"
180,"Terry","Ta Keo"
422,"Kass","Ta Keo"
406,"Ciera","Ta Keo"
451,"Joe","Ta Keo"
439,"Keith","Ta Keo"
429,"Kelley","Ta Keo"
423,"Woo","Angkor"
105,"Andrew","Angkor"
383,"Abi-Maria","Angkor"
419,"Tasha","Angkor"
423,"Woo","Angkor"
105,"Andrew","Angkor"
383,"Abi-Maria","Angkor"
419,"Tasha","Angkor"
423,"Woo","Angkor"
105,"Andrew","Angkor"
383,"Abi-Maria","Angkor"
419,"Tasha","Angkor"
423,"Woo","Angkor"
105,"Andrew","Angkor"
383,"Abi-Maria","Angkor"
419,"Tasha","Angkor"
180,"Terry","Ta Keo"
422,"Kass","Ta Keo"
406,"Ciera","Ta Keo"
451,"Joe","Ta Keo"
439,"Keith","Ta Keo"
429,"Kelley","Ta Keo"
180,"Terry","Ta Keo"
422,"Kass","Ta Keo"
406,"Ciera","Ta Keo"
451,"Joe","Ta Keo"
439,"Keith","Ta Keo"
429,"Kelley","Ta Keo"
180,"Terry","Ta Keo"
422,"Kass","Ta Keo"
406,"Ciera","Ta Keo"
451,"Joe","Ta Keo"
439,"Keith","Ta Keo"
429,"Kelley","Ta Keo"
180,"Terry","Ta Keo"
422,"Kass","Ta Keo"
406,"Ciera","Ta Keo"
451,"Joe","Ta Keo"
439,"Keith","Ta Keo"
429,"Kelley","Ta Keo"
295,"Monica","Bayon"
15,"Kelly","Bayon"
280,"Stephen","Bayon"
21,"Kimmi","Bayon"
421,"Spencer","Bayon"
433,"Jeremy","Bayon"
295,"Monica","Bayon"
15,"Kelly","Bayon"
280,"Stephen","Bayon"
21,"Kimmi","Bayon"
421,"Spencer","Bayon"
433,"Jeremy","Bayon"
423,"Woo","Ta Keo"
422,"Kass","Ta Keo"
105,"Andrew","Ta Keo"
15,"Kelly","Ta Keo"
406,"Ciera","Ta Keo"
383,"Abi-Maria","Ta Keo"
421,"Spencer","Ta Keo"
280,"Stephen","Bayon"
451,"Joe","Bayon"
21,"Kimmi","Bayon"
439,"Keith","Bayon"
429,"Kelley","Bayon"
419,"Tasha","Bayon"
433,"Jeremy","Bayon"
451,"Joe",NA
406,"Ciera",NA
451,"Joe",NA
439,"Keith",NA
429,"Kelley",NA
15,"Kelly",NA
21,"Kimmi",NA
451,"Joe",NA
406,"Ciera",NA
451,"Joe",NA
421,"Spencer",NA
280,"Stephen",NA
419,"Tasha",NA
451,"Joe",NA
383,"Abi-Maria",NA
406,"Ciera",NA
451,"Joe",NA
421,"Spencer",NA
419,"Tasha",NA
451,"Joe",NA
280,"Stephen",NA
433,"Jeremy",NA
419,"Tasha",NA
421,"Spencer",NA
429,"Kelley",NA
383,"Abi-Maria",NA
451,"Joe",NA
439,"Keith",NA
21,"Kimmi",NA
439,"Keith",NA
429,"Kelley",NA
439,"Keith",NA
429,"Kelley",NA
421,"Spencer",NA
421,"Spencer",NA
421,"Spencer",NA
429,"Kelley",NA
433,"Jeremy",NA
444,"Vince","Nagarote"
445,"Nina","Nagarote"
450,"Hali","Nagarote"
451,"Joe","Nagarote"
452,"Jenn","Nagarote"
458,"Will","Nagarote"
444,"Vince","Nagarote"
445,"Nina","Nagarote"
450,"Hali","Nagarote"
451,"Joe","Nagarote"
452,"Jenn","Nagarote"
458,"Will","Nagarote"
447,"Max","Masaya"
448,"Joaquin","Masaya"
453,"Shirin","Masaya"
454,"Tyler","Masaya"
459,"Carolyn","Masaya"
447,"Max","Masaya"
448,"Joaquin","Masaya"
453,"Shirin","Masaya"
454,"Tyler","Masaya"
459,"Carolyn","Masaya"
446,"Lindsey","Escameca"
449,"Kelly","Escameca"
455,"Dan","Escameca"
456,"Sierra","Escameca"
457,"Rodney","Escameca"
460,"Mike","Escameca"
446,"Lindsey","Escameca"
449,"Kelly","Escameca"
455,"Dan","Escameca"
456,"Sierra","Escameca"
457,"Rodney","Escameca"
460,"Mike","Escameca"
450,"Hali","Nagarote"
451,"Joe","Nagarote"
452,"Jenn","Nagarote"
458,"Will","Nagarote"
447,"Max","Masaya"
448,"Joaquin","Masaya"
453,"Shirin","Masaya"
454,"Tyler","Masaya"
459,"Carolyn","Masaya"
450,"Hali","Nagarote"
451,"Joe","Nagarote"
452,"Jenn","Nagarote"
458,"Will","Nagarote"
447,"Max","Masaya"
448,"Joaquin","Masaya"
453,"Shirin","Masaya"
454,"Tyler","Masaya"
459,"Carolyn","Masaya"
448,"Joaquin","Escameca"
451,"Joe","Escameca"
454,"Tyler","Escameca"
455,"Dan","Escameca"
456,"Sierra","Escameca"
457,"Rodney","Escameca"
460,"Mike","Escameca"
448,"Joaquin","Escameca"
451,"Joe","Escameca"
454,"Tyler","Escameca"
455,"Dan","Escameca"
456,"Sierra","Escameca"
457,"Rodney","Escameca"
460,"Mike","Escameca"
449,"Kelly","Nagarote"
450,"Hali","Nagarote"
452,"Jenn","Nagarote"
453,"Shirin","Nagarote"
458,"Will","Nagarote"
459,"Carolyn","Nagarote"
449,"Kelly","Nagarote"
450,"Hali","Nagarote"
452,"Jenn","Nagarote"
453,"Shirin","Nagarote"
458,"Will","Nagarote"
459,"Carolyn","Nagarote"
451,"Joe",NA
451,"Joe",NA
459,"Carolyn",NA
453,"Shirin",NA
454,"Tyler",NA
458,"Will",NA
451,"Joe",NA
455,"Dan",NA
460,"Mike",NA
453,"Shirin",NA
456,"Sierra",NA
454,"Tyler",NA
454,"Tyler",NA
NA,NA,NA
460,"Mike",NA
459,"Carolyn",NA
455,"Dan",NA
454,"Tyler",NA
458,"Will",NA
459,"Carolyn",NA
460,"Mike",NA
459,"Carolyn",NA
460,"Mike",NA
456,"Sierra",NA
459,"Carolyn",NA
459,"Carolyn",NA
460,"Mike",NA
458,"Will",NA
460,"Mike",NA
460,"Mike",NA
460,"Mike",NA
460,"Mike",NA
433,"Jeremy",NA
428,"Drew","Hunahpu"
429,"Kelley","Hunahpu"
431,"Julie","Hunahpu"
433,"Jeremy","Hunahpu"
435,"Reed","Hunahpu"
437,"Jon","Hunahpu"
439,"Keith","Hunahpu"
440,"Missy","Hunahpu"
442,"Natalie","Hunahpu"
431,"Julie",NA
428,"Drew","Hunahpu"
429,"Kelley","Hunahpu"
431,"Julie","Hunahpu"
433,"Jeremy","Hunahpu"
435,"Reed","Hunahpu"
437,"Jon","Hunahpu"
439,"Keith","Hunahpu"
440,"Missy","Hunahpu"
442,"Natalie","Hunahpu"
434,"Wes",NA
428,"Drew","Hunahpu"
429,"Kelley","Hunahpu"
431,"Julie","Hunahpu"
433,"Jeremy","Hunahpu"
435,"Reed","Hunahpu"
437,"Jon","Hunahpu"
439,"Keith","Hunahpu"
440,"Missy","Hunahpu"
442,"Natalie","Hunahpu"
437,"Jon",NA
430,"Dale","Coyopa"
432,"Josh","Coyopa"
434,"Wes","Coyopa"
436,"Alec","Coyopa"
438,"Baylor","Coyopa"
441,"Jaclyn","Coyopa"
431,"Julie","Hunahpu"
432,"Josh","Hunahpu"
433,"Jeremy","Hunahpu"
434,"Wes","Hunahpu"
435,"Reed","Hunahpu"
436,"Alec","Hunahpu"
442,"Natalie","Hunahpu"
435,"Reed",NA
431,"Julie","Hunahpu"
432,"Josh","Hunahpu"
433,"Jeremy","Hunahpu"
434,"Wes","Hunahpu"
435,"Reed","Hunahpu"
436,"Alec","Hunahpu"
442,"Natalie","Hunahpu"
439,"Keith",NA
433,"Jeremy",NA
439,"Keith",NA
442,"Natalie",NA
435,"Reed",NA
434,"Wes",NA
433,"Jeremy",NA
433,"Jeremy",NA
442,"Natalie",NA
441,"Jaclyn",NA
437,"Jon",NA
436,"Alec",NA
438,"Baylor",NA
435,"Reed",NA
438,"Baylor",NA
435,"Reed",NA
440,"Missy",NA
436,"Alec",NA
441,"Jaclyn",NA
437,"Jon",NA
435,"Reed",NA
440,"Missy",NA
438,"Baylor",NA
442,"Natalie",NA
439,"Keith",NA
442,"Natalie",NA
441,"Jaclyn",NA
437,"Jon",NA
437,"Jon",NA
437,"Jon",NA
438,"Baylor",NA
439,"Keith",NA
440,"Missy",NA
442,"Natalie",NA
439,"Keith",NA
439,"Keith",NA
441,"Jaclyn",NA
409,"Brice","Solana"
413,"Alexis","Solana"
415,"Morgan","Solana"
416,"LJ","Solana"
417,"Jeremiah","Solana"
418,"Jefra","Solana"
409,"Brice","Solana"
413,"Alexis","Solana"
415,"Morgan","Solana"
416,"LJ","Solana"
417,"Jeremiah","Solana"
418,"Jefra","Solana"
411,"Cliff","Aparri"
412,"Lindsey","Aparri"
414,"Sarah","Aparri"
420,"Trish","Aparri"
423,"Woo","Aparri"
424,"Tony","Aparri"
411,"Cliff","Aparri"
412,"Lindsey","Aparri"
414,"Sarah","Aparri"
420,"Trish","Aparri"
423,"Woo","Aparri"
424,"Tony","Aparri"
411,"Cliff","Aparri"
412,"Lindsey","Aparri"
414,"Sarah","Aparri"
420,"Trish","Aparri"
423,"Woo","Aparri"
424,"Tony","Aparri"
411,"Cliff","Aparri"
412,"Lindsey","Aparri"
414,"Sarah","Aparri"
420,"Trish","Aparri"
423,"Woo","Aparri"
424,"Tony","Aparri"
413,"Alexis","Solana"
415,"Morgan","Solana"
416,"LJ","Solana"
417,"Jeremiah","Solana"
418,"Jefra","Solana"
411,"Cliff","Aparri"
412,"Lindsey","Aparri"
414,"Sarah","Aparri"
420,"Trish","Aparri"
423,"Woo","Aparri"
424,"Tony","Aparri"
413,"Alexis","Solana"
415,"Morgan","Solana"
416,"LJ","Solana"
417,"Jeremiah","Solana"
418,"Jefra","Solana"
411,"Cliff","Aparri"
412,"Lindsey","Aparri"
414,"Sarah","Aparri"
420,"Trish","Aparri"
423,"Woo","Aparri"
424,"Tony","Aparri"
411,"Cliff","Solana"
412,"Lindsey","Solana"
416,"LJ","Solana"
418,"Jefra","Solana"
420,"Trish","Solana"
423,"Woo","Solana"
424,"Tony","Solana"
411,"Cliff","Solana"
412,"Lindsey","Solana"
416,"LJ","Solana"
418,"Jefra","Solana"
420,"Trish","Solana"
423,"Woo","Solana"
424,"Tony","Solana"
413,"Alexis","Aparri"
414,"Sarah","Aparri"
415,"Morgan","Aparri"
417,"Jeremiah","Aparri"
419,"Tasha","Aparri"
421,"Spencer","Aparri"
422,"Kass","Aparri"
413,"Alexis","Aparri"
414,"Sarah","Aparri"
415,"Morgan","Aparri"
417,"Jeremiah","Aparri"
419,"Tasha","Aparri"
421,"Spencer","Aparri"
422,"Kass","Aparri"
411,"Cliff","Solana"
412,"Lindsey","Solana"
416,"LJ","Solana"
418,"Jefra","Solana"
420,"Trish","Solana"
423,"Woo","Solana"
424,"Tony","Solana"
411,"Cliff","Solana"
412,"Lindsey","Solana"
416,"LJ","Solana"
418,"Jefra","Solana"
420,"Trish","Solana"
423,"Woo","Solana"
424,"Tony","Solana"
411,"Cliff","Solana"
412,"Lindsey","Solana"
416,"LJ","Solana"
418,"Jefra","Solana"
420,"Trish","Solana"
423,"Woo","Solana"
424,"Tony","Solana"
411,"Cliff","Solana"
412,"Lindsey","Solana"
416,"LJ","Solana"
418,"Jefra","Solana"
420,"Trish","Solana"
423,"Woo","Solana"
424,"Tony","Solana"
416,"LJ","Solana"
418,"Jefra","Solana"
420,"Trish","Solana"
423,"Woo","Solana"
424,"Tony","Solana"
416,"LJ","Solana"
418,"Jefra","Solana"
420,"Trish","Solana"
423,"Woo","Solana"
424,"Tony","Solana"
423,"Woo",NA
418,"Jefra",NA
417,"Jeremiah",NA
416,"LJ",NA
415,"Morgan",NA
421,"Spencer",NA
421,"Spencer",NA
417,"Jeremiah",NA
421,"Spencer",NA
424,"Tony",NA
419,"Tasha",NA
418,"Jefra",NA
417,"Jeremiah",NA
421,"Spencer",NA
419,"Tasha",NA
419,"Tasha",NA
NA,NA,NA
419,"Tasha",NA
422,"Kass",NA
421,"Spencer",NA
423,"Woo",NA
421,"Spencer",NA
424,"Tony",NA
420,"Trish",NA
421,"Spencer",NA
422,"Kass",NA
359,"Colton","Galang"
292,"Laura M.","Galang"
365,"Kat","Galang"
182,"Aras","Galang"
32,"Tina","Galang"
10,"Gervase","Galang"
358,"Monica","Galang"
274,"Tyson","Galang"
359,"Colton","Galang"
292,"Laura M.","Galang"
365,"Kat","Galang"
182,"Aras","Galang"
32,"Tina","Galang"
10,"Gervase","Galang"
358,"Monica","Galang"
274,"Tyson","Galang"
359,"Colton","Galang"
292,"Laura M.","Galang"
365,"Kat","Galang"
182,"Aras","Galang"
32,"Tina","Galang"
10,"Gervase","Galang"
358,"Monica","Galang"
274,"Tyson","Galang"
359,"Colton","Galang"
292,"Laura M.","Galang"
365,"Kat","Galang"
182,"Aras","Galang"
32,"Tina","Galang"
10,"Gervase","Galang"
358,"Monica","Galang"
274,"Tyson","Galang"
359,"Colton","Galang"
292,"Laura M.","Galang"
365,"Kat","Galang"
182,"Aras","Galang"
32,"Tina","Galang"
10,"Gervase","Galang"
358,"Monica","Galang"
274,"Tyson","Galang"
359,"Colton","Galang"
292,"Laura M.","Galang"
365,"Kat","Galang"
182,"Aras","Galang"
32,"Tina","Galang"
10,"Gervase","Galang"
358,"Monica","Galang"
274,"Tyson","Galang"
292,"Laura M.","Galang"
365,"Kat","Galang"
182,"Aras","Galang"
32,"Tina","Galang"
10,"Gervase","Galang"
358,"Monica","Galang"
274,"Tyson","Galang"
292,"Laura M.","Galang"
365,"Kat","Galang"
182,"Aras","Galang"
32,"Tina","Galang"
10,"Gervase","Galang"
358,"Monica","Galang"
274,"Tyson","Galang"
292,"Laura M.","Galang"
365,"Kat","Galang"
182,"Aras","Galang"
32,"Tina","Galang"
10,"Gervase","Galang"
358,"Monica","Galang"
274,"Tyson","Galang"
292,"Laura M.","Galang"
365,"Kat","Galang"
182,"Aras","Galang"
32,"Tina","Galang"
10,"Gervase","Galang"
358,"Monica","Galang"
274,"Tyson","Galang"
397,"Laura B.","Tadhana"
402,"Vytas","Tadhana"
403,"Caleb","Tadhana"
404,"Katie","Tadhana"
405,"Hayden","Tadhana"
406,"Ciera","Tadhana"
397,"Laura B.","Tadhana"
402,"Vytas","Tadhana"
403,"Caleb","Tadhana"
404,"Katie","Tadhana"
405,"Hayden","Tadhana"
406,"Ciera","Tadhana"
182,"Aras","Tadhana"
403,"Caleb","Tadhana"
405,"Hayden","Tadhana"
406,"Ciera","Tadhana"
10,"Gervase","Tadhana"
274,"Tyson","Tadhana"
182,"Aras","Tadhana"
403,"Caleb","Tadhana"
405,"Hayden","Tadhana"
406,"Ciera","Tadhana"
10,"Gervase","Tadhana"
274,"Tyson","Tadhana"
182,"Aras","Tadhana"
403,"Caleb","Tadhana"
405,"Hayden","Tadhana"
406,"Ciera","Tadhana"
10,"Gervase","Tadhana"
274,"Tyson","Tadhana"
182,"Aras","Tadhana"
403,"Caleb","Tadhana"
405,"Hayden","Tadhana"
406,"Ciera","Tadhana"
10,"Gervase","Tadhana"
274,"Tyson","Tadhana"
402,"Vytas",NA
358,"Monica",NA
404,"Katie",NA
358,"Monica",NA
358,"Monica",NA
358,"Monica",NA
10,"Gervase",NA
358,"Monica",NA
274,"Tyson",NA
10,"Gervase",NA
406,"Ciera",NA
405,"Hayden",NA
406,"Ciera",NA
274,"Tyson",NA
274,"Tyson",NA
322,"Francesca","Bikal"
350,"Brandon","Bikal"
259,"Corinne","Bikal"
337,"Phillip","Bikal"
384,"Malcolm","Bikal"
333,"Andrea","Bikal"
312,"Brenda","Bikal"
246,"Erik","Bikal"
346,"Dawn","Bikal"
348,"Cochran","Bikal"
387,"Allie","Gota"
388,"Hope","Gota"
389,"Shamar","Gota"
390,"Laura","Gota"
391,"Matt","Gota"
392,"Julia","Gota"
393,"Michael","Gota"
394,"Reynold","Gota"
395,"Eddie","Gota"
396,"Sherri","Gota"
350,"Brandon","Bikal"
259,"Corinne","Bikal"
337,"Phillip","Bikal"
384,"Malcolm","Bikal"
333,"Andrea","Bikal"
312,"Brenda","Bikal"
246,"Erik","Bikal"
346,"Dawn","Bikal"
348,"Cochran","Bikal"
350,"Brandon","Bikal"
259,"Corinne","Bikal"
337,"Phillip","Bikal"
384,"Malcolm","Bikal"
333,"Andrea","Bikal"
312,"Brenda","Bikal"
246,"Erik","Bikal"
346,"Dawn","Bikal"
348,"Cochran","Bikal"
350,"Brandon","Bikal"
259,"Corinne","Bikal"
337,"Phillip","Bikal"
384,"Malcolm","Bikal"
333,"Andrea","Bikal"
312,"Brenda","Bikal"
246,"Erik","Bikal"
346,"Dawn","Bikal"
348,"Cochran","Bikal"
350,"Brandon","Bikal"
259,"Corinne","Bikal"
337,"Phillip","Bikal"
384,"Malcolm","Bikal"
333,"Andrea","Bikal"
312,"Brenda","Bikal"
246,"Erik","Bikal"
346,"Dawn","Bikal"
348,"Cochran","Bikal"
350,"Brandon","Bikal"
259,"Corinne","Bikal"
337,"Phillip","Bikal"
384,"Malcolm","Bikal"
333,"Andrea","Bikal"
312,"Brenda","Bikal"
246,"Erik","Bikal"
346,"Dawn","Bikal"
348,"Cochran","Bikal"
350,"Brandon","Bikal"
259,"Corinne","Bikal"
337,"Phillip","Bikal"
384,"Malcolm","Bikal"
333,"Andrea","Bikal"
312,"Brenda","Bikal"
246,"Erik","Bikal"
346,"Dawn","Bikal"
348,"Cochran","Bikal"
350,"Brandon","Bikal"
259,"Corinne","Bikal"
337,"Phillip","Bikal"
384,"Malcolm","Bikal"
333,"Andrea","Bikal"
312,"Brenda","Bikal"
246,"Erik","Bikal"
346,"Dawn","Bikal"
348,"Cochran","Bikal"
350,"Brandon","Bikal"
259,"Corinne","Bikal"
337,"Phillip","Bikal"
384,"Malcolm","Bikal"
333,"Andrea","Bikal"
312,"Brenda","Bikal"
246,"Erik","Bikal"
346,"Dawn","Bikal"
348,"Cochran","Bikal"
350,"Brandon","Bikal"
259,"Corinne","Bikal"
337,"Phillip","Bikal"
384,"Malcolm","Bikal"
333,"Andrea","Bikal"
312,"Brenda","Bikal"
246,"Erik","Bikal"
346,"Dawn","Bikal"
348,"Cochran","Bikal"
350,"Brandon","Bikal"
259,"Corinne","Bikal"
337,"Phillip","Bikal"
384,"Malcolm","Bikal"
333,"Andrea","Bikal"
312,"Brenda","Bikal"
246,"Erik","Bikal"
346,"Dawn","Bikal"
348,"Cochran","Bikal"
350,"Brandon","Bikal"
259,"Corinne","Bikal"
337,"Phillip","Bikal"
384,"Malcolm","Bikal"
333,"Andrea","Bikal"
312,"Brenda","Bikal"
246,"Erik","Bikal"
346,"Dawn","Bikal"
348,"Cochran","Bikal"
391,"Matt","Gota"
392,"Julia","Gota"
393,"Michael","Gota"
394,"Reynold","Gota"
395,"Eddie","Gota"
396,"Sherri","Gota"
384,"Malcolm","Gota"
394,"Reynold","Gota"
333,"Andrea","Gota"
312,"Brenda","Gota"
246,"Erik","Gota"
395,"Eddie","Gota"
396,"Sherri","Gota"
384,"Malcolm","Gota"
394,"Reynold","Gota"
333,"Andrea","Gota"
312,"Brenda","Gota"
246,"Erik","Gota"
395,"Eddie","Gota"
396,"Sherri","Gota"
384,"Malcolm","Gota"
394,"Reynold","Gota"
333,"Andrea","Gota"
312,"Brenda","Gota"
246,"Erik","Gota"
395,"Eddie","Gota"
396,"Sherri","Gota"
348,"Cochran",NA
348,"Cochran",NA
395,"Eddie",NA
246,"Erik",NA
393,"Michael",NA
394,"Reynold",NA
312,"Brenda",NA
348,"Cochran",NA
346,"Dawn",NA
246,"Erik",NA
337,"Phillip",NA
394,"Reynold",NA
394,"Reynold",NA
NA,NA,NA
348,"Cochran",NA
333,"Andrea",NA
333,"Andrea",NA
246,"Erik",NA
346,"Dawn",NA
348,"Cochran",NA
396,"Sherri",NA
312,"Brenda",NA
395,"Eddie",NA
246,"Erik",NA
346,"Dawn",NA
348,"Cochran",NA
348,"Cochran",NA
348,"Cochran",NA
348,"Cochran",NA
375,"Dana","Kalabaw"
376,"Dawson","Kalabaw"
377,"Katie","Kalabaw"
379,"Jeff","Kalabaw"
196,"Jonathan","Kalabaw"
382,"Carter","Kalabaw"
375,"Dana","Kalabaw"
376,"Dawson","Kalabaw"
377,"Katie","Kalabaw"
379,"Jeff","Kalabaw"
196,"Jonathan","Kalabaw"
382,"Carter","Kalabaw"
378,"RC","Tandang"
380,"Artis","Tandang"
381,"Pete","Tandang"
383,"Abi-Maria","Tandang"
385,"Lisa","Tandang"
22,"Michael","Tandang"
378,"RC","Tandang"
380,"Artis","Tandang"
381,"Pete","Tandang"
383,"Abi-Maria","Tandang"
385,"Lisa","Tandang"
22,"Michael","Tandang"
375,"Dana","Kalabaw"
376,"Dawson","Kalabaw"
377,"Katie","Kalabaw"
379,"Jeff","Kalabaw"
196,"Jonathan","Kalabaw"
382,"Carter","Kalabaw"
375,"Dana","Kalabaw"
376,"Dawson","Kalabaw"
377,"Katie","Kalabaw"
379,"Jeff","Kalabaw"
196,"Jonathan","Kalabaw"
382,"Carter","Kalabaw"
378,"RC","Tandang"
380,"Artis","Tandang"
381,"Pete","Tandang"
383,"Abi-Maria","Tandang"
385,"Lisa","Tandang"
22,"Michael","Tandang"
378,"RC","Tandang"
380,"Artis","Tandang"
381,"Pete","Tandang"
383,"Abi-Maria","Tandang"
385,"Lisa","Tandang"
22,"Michael","Tandang"
378,"RC","Tandang"
380,"Artis","Tandang"
381,"Pete","Tandang"
383,"Abi-Maria","Tandang"
384,"Malcolm","Tandang"
385,"Lisa","Tandang"
22,"Michael","Tandang"
378,"RC","Tandang"
380,"Artis","Tandang"
381,"Pete","Tandang"
383,"Abi-Maria","Tandang"
384,"Malcolm","Tandang"
385,"Lisa","Tandang"
22,"Michael","Tandang"
378,"RC","Tandang"
380,"Artis","Tandang"
381,"Pete","Tandang"
383,"Abi-Maria","Tandang"
384,"Malcolm","Tandang"
385,"Lisa","Tandang"
22,"Michael","Tandang"
378,"RC","Tandang"
380,"Artis","Tandang"
381,"Pete","Tandang"
383,"Abi-Maria","Tandang"
384,"Malcolm","Tandang"
385,"Lisa","Tandang"
22,"Michael","Tandang"
377,"Katie","Kalabaw"
379,"Jeff","Kalabaw"
196,"Jonathan","Kalabaw"
382,"Carter","Kalabaw"
386,"Denise","Kalabaw"
378,"RC","Tandang"
380,"Artis","Tandang"
381,"Pete","Tandang"
383,"Abi-Maria","Tandang"
384,"Malcolm","Tandang"
385,"Lisa","Tandang"
22,"Michael","Tandang"
386,"Denise",NA
382,"Carter",NA
386,"Denise",NA
379,"Jeff",NA
196,"Jonathan",NA
385,"Lisa",NA
384,"Malcolm",NA
196,"Jonathan",NA
382,"Carter",NA
386,"Denise",NA
196,"Jonathan",NA
384,"Malcolm",NA
22,"Michael",NA
383,"Abi-Maria",NA
382,"Carter",NA
384,"Malcolm",NA
381,"Pete",NA
382,"Carter",NA
NA,NA,NA
383,"Abi-Maria",NA
384,"Malcolm",NA
385,"Lisa",NA
22,"Michael",NA
384,"Malcolm",NA
22,"Michael",NA
385,"Lisa",NA
384,"Malcolm",NA
384,"Malcolm",NA
384,"Malcolm",NA
22,"Michael",NA
356,"Matt","Manono"
357,"Bill","Manono"
359,"Colton","Manono"
360,"Jonas","Manono"
361,"Michael","Manono"
362,"Jay","Manono"
363,"Leif","Manono"
364,"Troyzan","Manono"
366,"Tarzan","Manono"
356,"Matt","Manono"
357,"Bill","Manono"
359,"Colton","Manono"
360,"Jonas","Manono"
361,"Michael","Manono"
362,"Jay","Manono"
363,"Leif","Manono"
364,"Troyzan","Manono"
366,"Tarzan","Manono"
356,"Matt","Manono"
357,"Bill","Manono"
359,"Colton","Manono"
360,"Jonas","Manono"
361,"Michael","Manono"
362,"Jay","Manono"
363,"Leif","Manono"
364,"Troyzan","Manono"
366,"Tarzan","Manono"
356,"Matt","Manono"
357,"Bill","Manono"
359,"Colton","Manono"
360,"Jonas","Manono"
361,"Michael","Manono"
362,"Jay","Manono"
363,"Leif","Manono"
364,"Troyzan","Manono"
366,"Tarzan","Manono"
358,"Monica","Salani"
365,"Kat","Salani"
367,"Alicia","Salani"
368,"Christina","Salani"
369,"Chelsea","Salani"
370,"Sabrina","Salani"
371,"Kim","Salani"
358,"Monica","Salani"
365,"Kat","Salani"
367,"Alicia","Salani"
368,"Christina","Salani"
369,"Chelsea","Salani"
370,"Sabrina","Salani"
371,"Kim","Salani"
358,"Monica","Salani"
365,"Kat","Salani"
367,"Alicia","Salani"
368,"Christina","Salani"
369,"Chelsea","Salani"
370,"Sabrina","Salani"
371,"Kim","Salani"
357,"Bill","Manono"
359,"Colton","Manono"
360,"Jonas","Manono"
361,"Michael","Manono"
362,"Jay","Manono"
363,"Leif","Manono"
364,"Troyzan","Manono"
366,"Tarzan","Manono"
358,"Monica","Salani"
365,"Kat","Salani"
367,"Alicia","Salani"
368,"Christina","Salani"
369,"Chelsea","Salani"
370,"Sabrina","Salani"
371,"Kim","Salani"
361,"Michael","Salani"
362,"Jay","Salani"
364,"Troyzan","Salani"
365,"Kat","Salani"
369,"Chelsea","Salani"
370,"Sabrina","Salani"
371,"Kim","Salani"
361,"Michael","Salani"
362,"Jay","Salani"
364,"Troyzan","Salani"
365,"Kat","Salani"
369,"Chelsea","Salani"
370,"Sabrina","Salani"
371,"Kim","Salani"
361,"Michael","Salani"
362,"Jay","Salani"
364,"Troyzan","Salani"
365,"Kat","Salani"
369,"Chelsea","Salani"
370,"Sabrina","Salani"
371,"Kim","Salani"
367,"Alicia",NA
369,"Chelsea",NA
368,"Christina",NA
362,"Jay",NA
370,"Sabrina",NA
364,"Troyzan",NA
364,"Troyzan",NA
368,"Christina",NA
371,"Kim",NA
363,"Leif",NA
361,"Michael",NA
370,"Sabrina",NA
362,"Jay",NA
367,"Alicia",NA
362,"Jay",NA
365,"Kat",NA
366,"Tarzan",NA
364,"Troyzan",NA
369,"Chelsea",NA
NA,NA,NA
364,"Troyzan",NA
371,"Kim",NA
367,"Alicia",NA
369,"Chelsea",NA
371,"Kim",NA
365,"Kat",NA
367,"Alicia",NA
371,"Kim",NA
371,"Kim",NA
369,"Chelsea",NA
371,"Kim",NA
370,"Sabrina",NA
367,"Alicia",NA
371,"Kim",NA
371,"Kim",NA
201,"Ozzy",NA
339,"Christine","Upolu"
341,"Stacey","Upolu"
343,"Mikayla","Upolu"
349,"Edna","Upolu"
350,"Brandon","Upolu"
351,"Rick","Upolu"
352,"Albert","Upolu"
277,"Coach","Upolu"
353,"Sophie","Upolu"
340,"Papa Bear","Savaii"
342,"Elyse","Savaii"
201,"Ozzy","Savaii"
344,"Keith","Savaii"
345,"Jim","Savaii"
346,"Dawn","Savaii"
347,"Whitney","Savaii"
348,"Cochran","Savaii"
340,"Papa Bear","Savaii"
342,"Elyse","Savaii"
201,"Ozzy","Savaii"
344,"Keith","Savaii"
345,"Jim","Savaii"
346,"Dawn","Savaii"
347,"Whitney","Savaii"
348,"Cochran","Savaii"
341,"Stacey","Upolu"
343,"Mikayla","Upolu"
349,"Edna","Upolu"
350,"Brandon","Upolu"
351,"Rick","Upolu"
352,"Albert","Upolu"
277,"Coach","Upolu"
353,"Sophie","Upolu"
341,"Stacey","Upolu"
343,"Mikayla","Upolu"
349,"Edna","Upolu"
350,"Brandon","Upolu"
351,"Rick","Upolu"
352,"Albert","Upolu"
277,"Coach","Upolu"
353,"Sophie","Upolu"
342,"Elyse","Savaii"
201,"Ozzy","Savaii"
344,"Keith","Savaii"
345,"Jim","Savaii"
346,"Dawn","Savaii"
347,"Whitney","Savaii"
348,"Cochran","Savaii"
342,"Elyse","Savaii"
201,"Ozzy","Savaii"
344,"Keith","Savaii"
345,"Jim","Savaii"
346,"Dawn","Savaii"
347,"Whitney","Savaii"
348,"Cochran","Savaii"
343,"Mikayla","Upolu"
349,"Edna","Upolu"
350,"Brandon","Upolu"
351,"Rick","Upolu"
352,"Albert","Upolu"
277,"Coach","Upolu"
353,"Sophie","Upolu"
343,"Mikayla","Upolu"
349,"Edna","Upolu"
350,"Brandon","Upolu"
351,"Rick","Upolu"
352,"Albert","Upolu"
277,"Coach","Upolu"
353,"Sophie","Upolu"
201,"Ozzy","Savaii"
344,"Keith","Savaii"
345,"Jim","Savaii"
346,"Dawn","Savaii"
347,"Whitney","Savaii"
348,"Cochran","Savaii"
201,"Ozzy","Savaii"
344,"Keith","Savaii"
345,"Jim","Savaii"
346,"Dawn","Savaii"
347,"Whitney","Savaii"
348,"Cochran","Savaii"
349,"Edna","Upolu"
350,"Brandon","Upolu"
351,"Rick","Upolu"
352,"Albert","Upolu"
277,"Coach","Upolu"
353,"Sophie","Upolu"
349,"Edna","Upolu"
350,"Brandon","Upolu"
351,"Rick","Upolu"
352,"Albert","Upolu"
277,"Coach","Upolu"
353,"Sophie","Upolu"
346,"Dawn",NA
201,"Ozzy",NA
345,"Jim",NA
347,"Whitney",NA
353,"Sophie",NA
353,"Sophie",NA
352,"Albert",NA
348,"Cochran",NA
277,"Coach",NA
352,"Albert",NA
277,"Coach",NA
350,"Brandon",NA
351,"Rick",NA
350,"Brandon",NA
201,"Ozzy",NA
353,"Sophie",NA
300,"Russell","Zapatera"
325,"Krista","Zapatera"
326,"Stephanie","Zapatera"
327,"Sarita","Zapatera"
328,"Mike","Zapatera"
329,"David","Zapatera"
330,"Julie","Zapatera"
331,"Ralph","Zapatera"
332,"Steve","Zapatera"
300,"Russell","Zapatera"
325,"Krista","Zapatera"
326,"Stephanie","Zapatera"
327,"Sarita","Zapatera"
328,"Mike","Zapatera"
329,"David","Zapatera"
330,"Julie","Zapatera"
331,"Ralph","Zapatera"
332,"Steve","Zapatera"
323,"Matt",NA
324,"Kristina","Ometepe"
323,"Matt","Ometepe"
333,"Andrea","Ometepe"
334,"Grant","Ometepe"
335,"Ashley","Ometepe"
336,"Natalie","Ometepe"
337,"Phillip","Ometepe"
55,"Boston Rob","Ometepe"
323,"Matt",NA
325,"Krista","Zapatera"
326,"Stephanie","Zapatera"
327,"Sarita","Zapatera"
328,"Mike","Zapatera"
329,"David","Zapatera"
330,"Julie","Zapatera"
331,"Ralph","Zapatera"
332,"Steve","Zapatera"
323,"Matt",NA
323,"Matt","Ometepe"
333,"Andrea","Ometepe"
334,"Grant","Ometepe"
335,"Ashley","Ometepe"
336,"Natalie","Ometepe"
337,"Phillip","Ometepe"
55,"Boston Rob","Ometepe"
323,"Matt",NA
323,"Matt","Ometepe"
333,"Andrea","Ometepe"
334,"Grant","Ometepe"
335,"Ashley","Ometepe"
336,"Natalie","Ometepe"
337,"Phillip","Ometepe"
55,"Boston Rob","Ometepe"
323,"Matt",NA
323,"Matt","Ometepe"
333,"Andrea","Ometepe"
334,"Grant","Ometepe"
335,"Ashley","Ometepe"
336,"Natalie","Ometepe"
337,"Phillip","Ometepe"
55,"Boston Rob","Ometepe"
323,"Matt",NA
336,"Natalie",NA
334,"Grant",NA
333,"Andrea",NA
328,"Mike",NA
323,"Matt",NA
55,"Boston Rob",NA
323,"Matt",NA
328,"Mike",NA
334,"Grant",NA
55,"Boston Rob",NA
328,"Mike",NA
323,"Matt",NA
331,"Ralph",NA
55,"Boston Rob",NA
328,"Mike",NA
323,"Matt",NA
333,"Andrea",NA
335,"Ashley",NA
333,"Andrea",NA
335,"Ashley",NA
55,"Boston Rob",NA
312,"Brenda","La Flor"
303,"Shannon","La Flor"
307,"Kelly B.","La Flor"
310,"Alina","La Flor"
312,"Brenda","La Flor"
313,"NaOnka","La Flor"
314,"Purple Kelly","La Flor"
315,"Benry","La Flor"
319,"Sash","La Flor"
320,"Chase","La Flor"
321,"Fabio","La Flor"
304,"Jimmy J.","Espada"
305,"Jimmy T.","Espada"
306,"Tyrone","Espada"
308,"Yve","Espada"
309,"Jill","Espada"
311,"Marty","Espada"
316,"Jane","Espada"
317,"Dan","Espada"
318,"Holly","Espada"
304,"Jimmy J.","Espada"
305,"Jimmy T.","Espada"
306,"Tyrone","Espada"
308,"Yve","Espada"
309,"Jill","Espada"
311,"Marty","Espada"
316,"Jane","Espada"
317,"Dan","Espada"
318,"Holly","Espada"
307,"Kelly B.","La Flor"
310,"Alina","La Flor"
312,"Brenda","La Flor"
313,"NaOnka","La Flor"
314,"Purple Kelly","La Flor"
315,"Benry","La Flor"
319,"Sash","La Flor"
320,"Chase","La Flor"
321,"Fabio","La Flor"
307,"Kelly B.","La Flor"
310,"Alina","La Flor"
312,"Brenda","La Flor"
313,"NaOnka","La Flor"
314,"Purple Kelly","La Flor"
315,"Benry","La Flor"
319,"Sash","La Flor"
320,"Chase","La Flor"
321,"Fabio","La Flor"
307,"Kelly B.","La Flor"
310,"Alina","La Flor"
312,"Brenda","La Flor"
313,"NaOnka","La Flor"
314,"Purple Kelly","La Flor"
315,"Benry","La Flor"
319,"Sash","La Flor"
320,"Chase","La Flor"
321,"Fabio","La Flor"
307,"Kelly B.","La Flor"
310,"Alina","La Flor"
312,"Brenda","La Flor"
313,"NaOnka","La Flor"
314,"Purple Kelly","La Flor"
315,"Benry","La Flor"
319,"Sash","La Flor"
320,"Chase","La Flor"
321,"Fabio","La Flor"
306,"Tyrone","Espada"
308,"Yve","Espada"
310,"Alina","Espada"
313,"NaOnka","Espada"
315,"Benry","Espada"
317,"Dan","Espada"
318,"Holly","Espada"
320,"Chase","Espada"
307,"Kelly B.","La Flor"
309,"Jill","La Flor"
311,"Marty","La Flor"
312,"Brenda","La Flor"
314,"Purple Kelly","La Flor"
316,"Jane","La Flor"
319,"Sash","La Flor"
321,"Fabio","La Flor"
309,"Jill",NA
309,"Jill",NA
318,"Holly",NA
310,"Alina","Espada"
313,"NaOnka","Espada"
315,"Benry","Espada"
317,"Dan","Espada"
318,"Holly","Espada"
320,"Chase","Espada"
310,"Alina","Espada"
313,"NaOnka","Espada"
315,"Benry","Espada"
317,"Dan","Espada"
318,"Holly","Espada"
320,"Chase","Espada"
316,"Jane",NA
321,"Fabio",NA
315,"Benry",NA
317,"Dan",NA
321,"Fabio",NA
311,"Marty",NA
319,"Sash",NA
312,"Brenda",NA
320,"Chase",NA
321,"Fabio",NA
316,"Jane",NA
314,"Purple Kelly",NA
313,"NaOnka",NA
316,"Jane",NA
315,"Benry",NA
320,"Chase",NA
318,"Holly",NA
313,"NaOnka",NA
317,"Dan",NA
320,"Chase",NA
318,"Holly",NA
316,"Jane",NA
319,"Sash",NA
320,"Chase",NA
318,"Holly",NA
319,"Sash",NA
321,"Fabio",NA
321,"Fabio",NA
321,"Fabio",NA
263,"Sugar","Heroes"
144,"Stephenie","Heroes"
179,"Cirie","Heroes"
150,"Tom","Heroes"
231,"James","Heroes"
281,"J.T.","Heroes"
235,"Amanda","Heroes"
195,"Candice","Heroes"
107,"Rupert","Heroes"
31,"Colby","Heroes"
258,"Randy","Villains"
274,"Tyson","Villains"
55,"Boston Rob","Villains"
277,"Coach","Villains"
236,"Courtney","Villains"
181,"Danielle","Villains"
25,"Jerri","Villains"
300,"Russell","Villains"
197,"Parvati","Villains"
112,"Sandra","Villains"
258,"Randy","Villains"
274,"Tyson","Villains"
55,"Boston Rob","Villains"
277,"Coach","Villains"
236,"Courtney","Villains"
181,"Danielle","Villains"
25,"Jerri","Villains"
300,"Russell","Villains"
197,"Parvati","Villains"
112,"Sandra","Villains"
258,"Randy","Villains"
274,"Tyson","Villains"
55,"Boston Rob","Villains"
277,"Coach","Villains"
236,"Courtney","Villains"
181,"Danielle","Villains"
25,"Jerri","Villains"
300,"Russell","Villains"
197,"Parvati","Villains"
112,"Sandra","Villains"
179,"Cirie","Heroes"
150,"Tom","Heroes"
231,"James","Heroes"
281,"J.T.","Heroes"
235,"Amanda","Heroes"
195,"Candice","Heroes"
107,"Rupert","Heroes"
31,"Colby","Heroes"
179,"Cirie","Heroes"
150,"Tom","Heroes"
231,"James","Heroes"
281,"J.T.","Heroes"
235,"Amanda","Heroes"
195,"Candice","Heroes"
107,"Rupert","Heroes"
31,"Colby","Heroes"
274,"Tyson","Villains"
55,"Boston Rob","Villains"
277,"Coach","Villains"
236,"Courtney","Villains"
181,"Danielle","Villains"
25,"Jerri","Villains"
300,"Russell","Villains"
197,"Parvati","Villains"
112,"Sandra","Villains"
274,"Tyson","Villains"
55,"Boston Rob","Villains"
277,"Coach","Villains"
236,"Courtney","Villains"
181,"Danielle","Villains"
25,"Jerri","Villains"
300,"Russell","Villains"
197,"Parvati","Villains"
112,"Sandra","Villains"
274,"Tyson","Villains"
55,"Boston Rob","Villains"
277,"Coach","Villains"
236,"Courtney","Villains"
181,"Danielle","Villains"
25,"Jerri","Villains"
300,"Russell","Villains"
197,"Parvati","Villains"
112,"Sandra","Villains"
274,"Tyson","Villains"
55,"Boston Rob","Villains"
277,"Coach","Villains"
236,"Courtney","Villains"
181,"Danielle","Villains"
25,"Jerri","Villains"
300,"Russell","Villains"
197,"Parvati","Villains"
112,"Sandra","Villains"
55,"Boston Rob",NA
55,"Boston Rob",NA
195,"Candice",NA
281,"J.T.","Heroes"
235,"Amanda","Heroes"
195,"Candice","Heroes"
107,"Rupert","Heroes"
31,"Colby","Heroes"
281,"J.T.","Heroes"
235,"Amanda","Heroes"
195,"Candice","Heroes"
107,"Rupert","Heroes"
31,"Colby","Heroes"
281,"J.T.","Heroes"
235,"Amanda","Heroes"
195,"Candice","Heroes"
107,"Rupert","Heroes"
31,"Colby","Heroes"
281,"J.T.","Heroes"
235,"Amanda","Heroes"
195,"Candice","Heroes"
107,"Rupert","Heroes"
31,"Colby","Heroes"
236,"Courtney","Villains"
181,"Danielle","Villains"
25,"Jerri","Villains"
300,"Russell","Villains"
197,"Parvati","Villains"
112,"Sandra","Villains"
281,"J.T.","Heroes"
235,"Amanda","Heroes"
195,"Candice","Heroes"
107,"Rupert","Heroes"
31,"Colby","Heroes"
181,"Danielle",NA
235,"Amanda",NA
31,"Colby",NA
181,"Danielle",NA
25,"Jerri",NA
197,"Parvati",NA
300,"Russell",NA
25,"Jerri",NA
197,"Parvati",NA
112,"Sandra",NA
197,"Parvati",NA
197,"Parvati",NA
300,"Russell",NA
282,"Marisa","Foa Foa"
283,"Mike","Foa Foa"
284,"Betsy","Foa Foa"
285,"Ben","Foa Foa"
287,"Ashley","Foa Foa"
289,"Liz","Foa Foa"
297,"Jaison","Foa Foa"
299,"Mick","Foa Foa"
300,"Russell H.","Foa Foa"
301,"Natalie","Foa Foa"
286,"Yasmin","Galu"
288,"Russell S.","Galu"
290,"Erik","Galu"
291,"Kelly","Galu"
292,"Laura","Galu"
293,"John","Galu"
294,"Dave","Galu"
295,"Monica","Galu"
296,"Shambo","Galu"
298,"Brett","Galu"
286,"Yasmin","Galu"
288,"Russell S.","Galu"
290,"Erik","Galu"
291,"Kelly","Galu"
292,"Laura","Galu"
293,"John","Galu"
294,"Dave","Galu"
295,"Monica","Galu"
296,"Shambo","Galu"
298,"Brett","Galu"
286,"Yasmin","Galu"
288,"Russell S.","Galu"
290,"Erik","Galu"
291,"Kelly","Galu"
292,"Laura","Galu"
293,"John","Galu"
294,"Dave","Galu"
295,"Monica","Galu"
296,"Shambo","Galu"
298,"Brett","Galu"
286,"Yasmin","Galu"
288,"Russell S.","Galu"
290,"Erik","Galu"
291,"Kelly","Galu"
292,"Laura","Galu"
293,"John","Galu"
294,"Dave","Galu"
295,"Monica","Galu"
296,"Shambo","Galu"
298,"Brett","Galu"
286,"Yasmin","Galu"
288,"Russell S.","Galu"
290,"Erik","Galu"
291,"Kelly","Galu"
292,"Laura","Galu"
293,"John","Galu"
294,"Dave","Galu"
295,"Monica","Galu"
296,"Shambo","Galu"
298,"Brett","Galu"
286,"Yasmin","Galu"
288,"Russell S.","Galu"
290,"Erik","Galu"
291,"Kelly","Galu"
292,"Laura","Galu"
293,"John","Galu"
294,"Dave","Galu"
295,"Monica","Galu"
296,"Shambo","Galu"
298,"Brett","Galu"
286,"Yasmin","Galu"
288,"Russell S.","Galu"
290,"Erik","Galu"
291,"Kelly","Galu"
292,"Laura","Galu"
293,"John","Galu"
294,"Dave","Galu"
295,"Monica","Galu"
296,"Shambo","Galu"
298,"Brett","Galu"
286,"Yasmin","Galu"
288,"Russell S.","Galu"
290,"Erik","Galu"
291,"Kelly","Galu"
292,"Laura","Galu"
293,"John","Galu"
294,"Dave","Galu"
295,"Monica","Galu"
296,"Shambo","Galu"
298,"Brett","Galu"
287,"Ashley","Foa Foa"
289,"Liz","Foa Foa"
297,"Jaison","Foa Foa"
299,"Mick","Foa Foa"
300,"Russell H.","Foa Foa"
301,"Natalie","Foa Foa"
288,"Russell S.","Galu"
290,"Erik","Galu"
291,"Kelly","Galu"
292,"Laura","Galu"
293,"John","Galu"
294,"Dave","Galu"
295,"Monica","Galu"
296,"Shambo","Galu"
298,"Brett","Galu"
288,"Russell S.","Galu"
290,"Erik","Galu"
291,"Kelly","Galu"
292,"Laura","Galu"
293,"John","Galu"
294,"Dave","Galu"
295,"Monica","Galu"
296,"Shambo","Galu"
298,"Brett","Galu"
290,"Erik","Galu"
291,"Kelly","Galu"
292,"Laura","Galu"
293,"John","Galu"
294,"Dave","Galu"
295,"Monica","Galu"
296,"Shambo","Galu"
298,"Brett","Galu"
290,"Erik","Galu"
291,"Kelly","Galu"
292,"Laura","Galu"
293,"John","Galu"
294,"Dave","Galu"
295,"Monica","Galu"
296,"Shambo","Galu"
298,"Brett","Galu"
293,"John",NA
292,"Laura",NA
294,"Dave",NA
293,"John",NA
291,"Kelly",NA
295,"Monica",NA
296,"Shambo",NA
292,"Laura",NA
300,"Russell H.",NA
298,"Brett",NA
294,"Dave",NA
292,"Laura",NA
301,"Natalie",NA
299,"Mick",NA
NA,NA,NA
297,"Jaison",NA
297,"Jaison",NA
298,"Brett",NA
300,"Russell H.",NA
297,"Jaison",NA
296,"Shambo",NA
298,"Brett",NA
300,"Russell H.",NA
298,"Brett",NA
267,"Candace","Timbira"
268,"Jerry","Timbira"
273,"Brendan","Timbira"
274,"Tyson","Timbira"
275,"Sierra","Timbira"
276,"Debbie","Timbira"
277,"Coach","Timbira"
279,"Erinn","Timbira"
267,"Candace","Timbira"
268,"Jerry","Timbira"
273,"Brendan","Timbira"
274,"Tyson","Timbira"
275,"Sierra","Timbira"
276,"Debbie","Timbira"
277,"Coach","Timbira"
279,"Erinn","Timbira"
269,"Sandy","Jalapao"
270,"Spencer","Jalapao"
271,"Sydney","Jalapao"
272,"Joe","Jalapao"
278,"Taj","Jalapao"
280,"Stephen","Jalapao"
281,"J.T.","Jalapao"
269,"Sandy","Jalapao"
270,"Spencer","Jalapao"
271,"Sydney","Jalapao"
272,"Joe","Jalapao"
278,"Taj","Jalapao"
280,"Stephen","Jalapao"
281,"J.T.","Jalapao"
269,"Sandy","Jalapao"
270,"Spencer","Jalapao"
271,"Sydney","Jalapao"
272,"Joe","Jalapao"
278,"Taj","Jalapao"
280,"Stephen","Jalapao"
281,"J.T.","Jalapao"
269,"Sandy","Jalapao"
270,"Spencer","Jalapao"
271,"Sydney","Jalapao"
272,"Joe","Jalapao"
278,"Taj","Jalapao"
280,"Stephen","Jalapao"
281,"J.T.","Jalapao"
269,"Sandy","Jalapao"
270,"Spencer","Jalapao"
271,"Sydney","Jalapao"
272,"Joe","Jalapao"
278,"Taj","Jalapao"
280,"Stephen","Jalapao"
281,"J.T.","Jalapao"
273,"Brendan","Timbira"
274,"Tyson","Timbira"
275,"Sierra","Timbira"
276,"Debbie","Timbira"
277,"Coach","Timbira"
279,"Erinn","Timbira"
270,"Spencer","Jalapao"
271,"Sydney","Jalapao"
272,"Joe","Jalapao"
278,"Taj","Jalapao"
280,"Stephen","Jalapao"
281,"J.T.","Jalapao"
273,"Brendan","Timbira"
274,"Tyson","Timbira"
275,"Sierra","Timbira"
276,"Debbie","Timbira"
277,"Coach","Timbira"
279,"Erinn","Timbira"
273,"Brendan","Timbira"
274,"Tyson","Timbira"
275,"Sierra","Timbira"
276,"Debbie","Timbira"
277,"Coach","Timbira"
279,"Erinn","Timbira"
273,"Brendan","Timbira"
274,"Tyson","Timbira"
275,"Sierra","Timbira"
276,"Debbie","Timbira"
277,"Coach","Timbira"
279,"Erinn","Timbira"
274,"Tyson",NA
273,"Brendan",NA
276,"Debbie",NA
281,"J.T.",NA
274,"Tyson",NA
276,"Debbie",NA
279,"Erinn",NA
281,"J.T.",NA
274,"Tyson",NA
276,"Debbie",NA
280,"Stephen",NA
281,"J.T.",NA
278,"Taj",NA
277,"Coach",NA
NA,NA,NA
280,"Stephen",NA
281,"J.T.",NA
280,"Stephen",NA
281,"J.T.",NA
281,"J.T.",NA
250,"Paloma","Kota"
251,"Jacquie","Kota"
253,"Kelly","Kota"
254,"Ace","Kota"
256,"Marcus","Kota"
257,"Charlie","Kota"
259,"Corinne","Kota"
263,"Sugar","Kota"
265,"Bob","Kota"
252,"GC",NA
250,"Paloma","Kota"
251,"Jacquie","Kota"
253,"Kelly","Kota"
254,"Ace","Kota"
256,"Marcus","Kota"
257,"Charlie","Kota"
259,"Corinne","Kota"
263,"Sugar","Kota"
265,"Bob","Kota"
250,"Paloma","Kota"
251,"Jacquie","Kota"
253,"Kelly","Kota"
254,"Ace","Kota"
256,"Marcus","Kota"
257,"Charlie","Kota"
259,"Corinne","Kota"
263,"Sugar","Kota"
265,"Bob","Kota"
250,"Paloma","Kota"
251,"Jacquie","Kota"
253,"Kelly","Kota"
254,"Ace","Kota"
256,"Marcus","Kota"
257,"Charlie","Kota"
259,"Corinne","Kota"
263,"Sugar","Kota"
265,"Bob","Kota"
252,"GC","Fang"
255,"Dan","Fang"
258,"Randy","Fang"
260,"Crystal","Fang"
261,"Ken","Fang"
262,"Matty","Fang"
264,"Susie","Fang"
252,"GC","Fang"
255,"Dan","Fang"
258,"Randy","Fang"
260,"Crystal","Fang"
261,"Ken","Fang"
262,"Matty","Fang"
264,"Susie","Fang"
256,"Marcus",NA
255,"Dan","Kota"
256,"Marcus","Kota"
257,"Charlie","Kota"
258,"Randy","Kota"
259,"Corinne","Kota"
264,"Susie","Kota"
265,"Bob","Kota"
255,"Dan","Kota"
256,"Marcus","Kota"
257,"Charlie","Kota"
258,"Randy","Kota"
259,"Corinne","Kota"
264,"Susie","Kota"
265,"Bob","Kota"
255,"Dan","Kota"
256,"Marcus","Kota"
257,"Charlie","Kota"
258,"Randy","Kota"
259,"Corinne","Kota"
264,"Susie","Kota"
265,"Bob","Kota"
255,"Dan","Kota"
256,"Marcus","Kota"
257,"Charlie","Kota"
258,"Randy","Kota"
259,"Corinne","Kota"
264,"Susie","Kota"
265,"Bob","Kota"
255,"Dan","Kota"
256,"Marcus","Kota"
257,"Charlie","Kota"
258,"Randy","Kota"
259,"Corinne","Kota"
264,"Susie","Kota"
265,"Bob","Kota"
255,"Dan","Kota"
256,"Marcus","Kota"
257,"Charlie","Kota"
258,"Randy","Kota"
259,"Corinne","Kota"
264,"Susie","Kota"
265,"Bob","Kota"
255,"Dan","Kota"
256,"Marcus","Kota"
257,"Charlie","Kota"
258,"Randy","Kota"
259,"Corinne","Kota"
264,"Susie","Kota"
265,"Bob","Kota"
256,"Marcus",NA
263,"Sugar",NA
257,"Charlie","Fang"
258,"Randy","Fang"
259,"Corinne","Fang"
262,"Matty","Fang"
263,"Sugar","Fang"
264,"Susie",NA
NA,NA,NA
261,"Ken",NA
265,"Bob",NA
265,"Bob",NA
265,"Bob",NA
260,"Crystal",NA
261,"Ken",NA
265,"Bob",NA
265,"Bob",NA
264,"Susie",NA
218,"Yau-Man",NA
238,"Mary","Airai"
239,"Mikey B","Airai"
240,"Joel","Airai"
241,"Chet","Airai"
242,"Kathy","Airai"
243,"Tracy","Airai"
244,"Jason","Airai"
245,"Alexis","Airai"
246,"Erik","Airai"
247,"Natalie","Airai"
238,"Mary","Airai"
239,"Mikey B","Airai"
240,"Joel","Airai"
241,"Chet","Airai"
242,"Kathy","Airai"
243,"Tracy","Airai"
244,"Jason","Airai"
245,"Alexis","Airai"
246,"Erik","Airai"
247,"Natalie","Airai"
218,"Yau-Man","Malakal"
196,"Jonathan","Malakal"
125,"Ami","Malakal"
127,"Eliza","Malakal"
201,"Ozzy","Malakal"
231,"James","Malakal"
179,"Cirie","Malakal"
235,"Amanda","Malakal"
197,"Parvati","Malakal"
218,"Yau-Man","Malakal"
196,"Jonathan","Malakal"
125,"Ami","Malakal"
127,"Eliza","Malakal"
201,"Ozzy","Malakal"
231,"James","Malakal"
179,"Cirie","Malakal"
235,"Amanda","Malakal"
197,"Parvati","Malakal"
218,"Yau-Man","Malakal"
196,"Jonathan","Malakal"
125,"Ami","Malakal"
127,"Eliza","Malakal"
201,"Ozzy","Malakal"
231,"James","Malakal"
179,"Cirie","Malakal"
235,"Amanda","Malakal"
197,"Parvati","Malakal"
239,"Mikey B","Airai"
240,"Joel","Airai"
241,"Chet","Airai"
242,"Kathy","Airai"
243,"Tracy","Airai"
244,"Jason","Airai"
245,"Alexis","Airai"
246,"Erik","Airai"
247,"Natalie","Airai"
196,"Jonathan","Malakal"
125,"Ami","Malakal"
127,"Eliza","Malakal"
201,"Ozzy","Malakal"
231,"James","Malakal"
179,"Cirie","Malakal"
235,"Amanda","Malakal"
197,"Parvati","Malakal"
196,"Jonathan","Malakal"
125,"Ami","Malakal"
127,"Eliza","Malakal"
201,"Ozzy","Malakal"
231,"James","Malakal"
179,"Cirie","Malakal"
235,"Amanda","Malakal"
197,"Parvati","Malakal"
196,"Jonathan","Airai"
242,"Kathy","Airai"
127,"Eliza","Airai"
244,"Jason","Airai"
231,"James","Airai"
245,"Alexis","Airai"
247,"Natalie","Airai"
197,"Parvati","Airai"
196,"Jonathan","Airai"
242,"Kathy","Airai"
127,"Eliza","Airai"
244,"Jason","Airai"
231,"James","Airai"
245,"Alexis","Airai"
247,"Natalie","Airai"
197,"Parvati","Airai"
196,"Jonathan","Airai"
242,"Kathy","Airai"
127,"Eliza","Airai"
244,"Jason","Airai"
231,"James","Airai"
245,"Alexis","Airai"
247,"Natalie","Airai"
197,"Parvati","Airai"
196,"Jonathan","Airai"
242,"Kathy","Airai"
127,"Eliza","Airai"
244,"Jason","Airai"
231,"James","Airai"
245,"Alexis","Airai"
247,"Natalie","Airai"
197,"Parvati","Airai"
242,"Kathy","Airai"
127,"Eliza","Airai"
244,"Jason","Airai"
231,"James","Airai"
245,"Alexis","Airai"
247,"Natalie","Airai"
197,"Parvati","Airai"
242,"Kathy","Airai"
127,"Eliza","Airai"
244,"Jason","Airai"
231,"James","Airai"
245,"Alexis","Airai"
247,"Natalie","Airai"
197,"Parvati","Airai"
243,"Tracy","Malakal"
125,"Ami","Malakal"
201,"Ozzy","Malakal"
246,"Erik","Malakal"
179,"Cirie","Malakal"
235,"Amanda","Malakal"
242,"Kathy","Airai"
127,"Eliza","Airai"
244,"Jason","Airai"
231,"James","Airai"
245,"Alexis","Airai"
247,"Natalie","Airai"
197,"Parvati","Airai"
243,"Tracy","Malakal"
125,"Ami","Malakal"
201,"Ozzy","Malakal"
246,"Erik","Malakal"
179,"Cirie","Malakal"
235,"Amanda","Malakal"
127,"Eliza","Airai"
244,"Jason","Airai"
231,"James","Airai"
245,"Alexis","Airai"
247,"Natalie","Airai"
197,"Parvati","Airai"
127,"Eliza","Airai"
244,"Jason","Airai"
231,"James","Airai"
245,"Alexis","Airai"
247,"Natalie","Airai"
197,"Parvati","Airai"
127,"Eliza","Airai"
244,"Jason","Airai"
231,"James","Airai"
245,"Alexis","Airai"
247,"Natalie","Airai"
197,"Parvati","Airai"
244,"Jason",NA
235,"Amanda",NA
246,"Erik",NA
244,"Jason",NA
201,"Ozzy",NA
197,"Parvati",NA
NA,NA,NA
246,"Erik",NA
245,"Alexis",NA
179,"Cirie",NA
247,"Natalie",NA
246,"Erik",NA
245,"Alexis",NA
179,"Cirie",NA
247,"Natalie",NA
246,"Erik",NA
246,"Erik",NA
235,"Amanda",NA
246,"Erik",NA
235,"Amanda",NA
224,"Leslie","Fei Long"
226,"Aaron","Fei Long"
229,"Jean-Robert","Fei Long"
231,"James","Fei Long"
234,"Denise","Fei Long"
235,"Amanda","Fei Long"
236,"Courtney","Fei Long"
237,"Todd","Fei Long"
224,"Leslie","Fei Long"
226,"Aaron","Fei Long"
229,"Jean-Robert","Fei Long"
231,"James","Fei Long"
234,"Denise","Fei Long"
235,"Amanda","Fei Long"
236,"Courtney","Fei Long"
237,"Todd","Fei Long"
224,"Leslie","Fei Long"
226,"Aaron","Fei Long"
229,"Jean-Robert","Fei Long"
231,"James","Fei Long"
234,"Denise","Fei Long"
235,"Amanda","Fei Long"
236,"Courtney","Fei Long"
237,"Todd","Fei Long"
224,"Leslie","Fei Long"
226,"Aaron","Fei Long"
229,"Jean-Robert","Fei Long"
231,"James","Fei Long"
234,"Denise","Fei Long"
235,"Amanda","Fei Long"
236,"Courtney","Fei Long"
237,"Todd","Fei Long"
225,"Dave","Zhan Hu"
227,"Sherea","Zhan Hu"
228,"Jaime","Zhan Hu"
230,"Frosti","Zhan Hu"
232,"Erik","Zhan Hu"
233,"Peih-Gee","Zhan Hu"
225,"Dave","Zhan Hu"
227,"Sherea","Zhan Hu"
228,"Jaime","Zhan Hu"
230,"Frosti","Zhan Hu"
232,"Erik","Zhan Hu"
233,"Peih-Gee","Zhan Hu"
226,"Aaron","Fei Long"
229,"Jean-Robert","Fei Long"
231,"James","Fei Long"
234,"Denise","Fei Long"
235,"Amanda","Fei Long"
236,"Courtney","Fei Long"
237,"Todd","Fei Long"
226,"Aaron","Fei Long"
229,"Jean-Robert","Fei Long"
231,"James","Fei Long"
234,"Denise","Fei Long"
235,"Amanda","Fei Long"
236,"Courtney","Fei Long"
237,"Todd","Fei Long"
227,"Sherea","Fei Long"
229,"Jean-Robert","Fei Long"
230,"Frosti","Fei Long"
234,"Denise","Fei Long"
235,"Amanda","Fei Long"
236,"Courtney","Fei Long"
237,"Todd","Fei Long"
227,"Sherea","Fei Long"
229,"Jean-Robert","Fei Long"
230,"Frosti","Fei Long"
234,"Denise","Fei Long"
235,"Amanda","Fei Long"
236,"Courtney","Fei Long"
237,"Todd","Fei Long"
228,"Jaime","Zhan Hu"
231,"James","Zhan Hu"
232,"Erik","Zhan Hu"
233,"Peih-Gee","Zhan Hu"
230,"Frosti",NA
235,"Amanda",NA
231,"James",NA
229,"Jean-Robert",NA
237,"Todd",NA
236,"Courtney",NA
233,"Peih-Gee",NA
235,"Amanda",NA
236,"Courtney",NA
232,"Erik",NA
230,"Frosti",NA
233,"Peih-Gee",NA
234,"Denise",NA
232,"Erik",NA
232,"Erik",NA
233,"Peih-Gee",NA
234,"Denise",NA
235,"Amanda",NA
237,"Todd",NA
234,"Denise",NA
235,"Amanda",NA
237,"Todd",NA
235,"Amanda",NA
235,"Amanda",NA
237,"Todd",NA
235,"Amanda",NA
206,"Gary","Moto"
207,"Liliana","Moto"
211,"Lisi","Moto"
213,"Edgardo","Moto"
215,"Alex","Moto"
216,"Stacy","Moto"
217,"Boo","Moto"
219,"Dreamz","Moto"
220,"Cassandra","Moto"
206,"Gary","Moto"
207,"Liliana","Moto"
211,"Lisi","Moto"
213,"Edgardo","Moto"
215,"Alex","Moto"
216,"Stacy","Moto"
217,"Boo","Moto"
219,"Dreamz","Moto"
220,"Cassandra","Moto"
206,"Gary","Moto"
207,"Liliana","Moto"
211,"Lisi","Moto"
213,"Edgardo","Moto"
215,"Alex","Moto"
216,"Stacy","Moto"
217,"Boo","Moto"
219,"Dreamz","Moto"
220,"Cassandra","Moto"
206,"Gary","Moto"
207,"Liliana","Moto"
211,"Lisi","Moto"
213,"Edgardo","Moto"
215,"Alex","Moto"
216,"Stacy","Moto"
217,"Boo","Moto"
219,"Dreamz","Moto"
220,"Cassandra","Moto"
206,"Gary","Moto"
207,"Liliana","Moto"
211,"Lisi","Moto"
213,"Edgardo","Moto"
215,"Alex","Moto"
216,"Stacy","Moto"
217,"Boo","Moto"
219,"Dreamz","Moto"
220,"Cassandra","Moto"
206,"Gary","Moto"
207,"Liliana","Moto"
211,"Lisi","Moto"
213,"Edgardo","Moto"
215,"Alex","Moto"
216,"Stacy","Moto"
217,"Boo","Moto"
219,"Dreamz","Moto"
220,"Cassandra","Moto"
206,"Gary","Moto"
207,"Liliana","Moto"
211,"Lisi","Moto"
213,"Edgardo","Moto"
215,"Alex","Moto"
216,"Stacy","Moto"
217,"Boo","Moto"
219,"Dreamz","Moto"
220,"Cassandra","Moto"
206,"Gary","Moto"
207,"Liliana","Moto"
211,"Lisi","Moto"
213,"Edgardo","Moto"
215,"Alex","Moto"
216,"Stacy","Moto"
217,"Boo","Moto"
219,"Dreamz","Moto"
220,"Cassandra","Moto"
207,"Liliana","Moto"
211,"Lisi","Moto"
213,"Edgardo","Moto"
215,"Alex","Moto"
216,"Stacy","Moto"
217,"Boo","Moto"
219,"Dreamz","Moto"
220,"Cassandra","Moto"
208,"Rita","Ravu"
209,"Anthony","Ravu"
210,"Rocky","Ravu"
212,"Michelle","Ravu"
214,"Mookie","Ravu"
218,"Yau-Man","Ravu"
221,"Earl","Ravu"
211,"Lisi","Moto"
213,"Edgardo","Moto"
215,"Alex","Moto"
216,"Stacy","Moto"
217,"Boo","Moto"
219,"Dreamz","Moto"
220,"Cassandra","Moto"
211,"Lisi","Moto"
213,"Edgardo","Moto"
215,"Alex","Moto"
216,"Stacy","Moto"
217,"Boo","Moto"
219,"Dreamz","Moto"
220,"Cassandra","Moto"
212,"Michelle","Moto"
216,"Stacy","Moto"
217,"Boo","Moto"
218,"Yau-Man","Moto"
220,"Cassandra","Moto"
221,"Earl","Moto"
210,"Rocky","Ravu"
211,"Lisi","Ravu"
213,"Edgardo","Ravu"
214,"Mookie","Ravu"
215,"Alex","Ravu"
219,"Dreamz","Ravu"
212,"Michelle","Moto"
216,"Stacy","Moto"
217,"Boo","Moto"
218,"Yau-Man","Moto"
220,"Cassandra","Moto"
221,"Earl","Moto"
212,"Michelle","Moto"
216,"Stacy","Moto"
217,"Boo","Moto"
218,"Yau-Man","Moto"
220,"Cassandra","Moto"
221,"Earl","Moto"
212,"Michelle","Moto"
216,"Stacy","Moto"
217,"Boo","Moto"
218,"Yau-Man","Moto"
220,"Cassandra","Moto"
221,"Earl","Moto"
217,"Boo",NA
220,"Cassandra",NA
221,"Earl",NA
213,"Edgardo",NA
218,"Yau-Man",NA
217,"Boo",NA
218,"Yau-Man",NA
220,"Cassandra",NA
217,"Boo",NA
219,"Dreamz",NA
218,"Yau-Man",NA
215,"Alex",NA
219,"Dreamz",NA
221,"Earl",NA
216,"Stacy",NA
216,"Stacy",NA
217,"Boo",NA
219,"Dreamz",NA
218,"Yau-Man",NA
217,"Boo",NA
218,"Yau-Man",NA
219,"Dreamz",NA
217,"Boo",NA
216,"Stacy",NA
217,"Boo",NA
218,"Yau-Man",NA
219,"Dreamz",NA
188,"Cao Boi","Puka Puka"
191,"Brad","Puka Puka"
193,"Jenny","Puka Puka"
200,"Becky","Puka Puka"
202,"Yul","Puka Puka"
188,"Cao Boi","Puka Puka"
191,"Brad","Puka Puka"
193,"Jenny","Puka Puka"
200,"Becky","Puka Puka"
202,"Yul","Puka Puka"
188,"Cao Boi","Puka Puka"
191,"Brad","Puka Puka"
193,"Jenny","Puka Puka"
200,"Becky","Puka Puka"
202,"Yul","Puka Puka"
188,"Cao Boi","Puka Puka"
191,"Brad","Puka Puka"
193,"Jenny","Puka Puka"
200,"Becky","Puka Puka"
202,"Yul","Puka Puka"
186,"J.P.","Rarotonga"
187,"Stephannie","Rarotonga"
189,"Cristina","Rarotonga"
191,"Brad","Rarotonga"
192,"Rebecca","Rarotonga"
193,"Jenny","Rarotonga"
194,"Nate","Rarotonga"
197,"Parvati","Rarotonga"
198,"Adam","Rarotonga"
188,"Cao Boi","Aitutaki"
190,"Jessica","Aitutaki"
195,"Candice","Aitutaki"
196,"Jonathan","Aitutaki"
199,"Sundra","Aitutaki"
200,"Becky","Aitutaki"
201,"Ozzy","Aitutaki"
202,"Yul","Aitutaki"
188,"Cao Boi","Aitutaki"
190,"Jessica","Aitutaki"
195,"Candice","Aitutaki"
196,"Jonathan","Aitutaki"
199,"Sundra","Aitutaki"
200,"Becky","Aitutaki"
201,"Ozzy","Aitutaki"
202,"Yul","Aitutaki"
187,"Stephannie","Rarotonga"
189,"Cristina","Rarotonga"
191,"Brad","Rarotonga"
192,"Rebecca","Rarotonga"
193,"Jenny","Rarotonga"
194,"Nate","Rarotonga"
197,"Parvati","Rarotonga"
198,"Adam","Rarotonga"
188,"Cao Boi","Aitutaki"
190,"Jessica","Aitutaki"
195,"Candice","Aitutaki"
196,"Jonathan","Aitutaki"
199,"Sundra","Aitutaki"
200,"Becky","Aitutaki"
201,"Ozzy","Aitutaki"
202,"Yul","Aitutaki"
188,"Cao Boi","Aitutaki"
190,"Jessica","Aitutaki"
195,"Candice","Aitutaki"
196,"Jonathan","Aitutaki"
199,"Sundra","Aitutaki"
200,"Becky","Aitutaki"
201,"Ozzy","Aitutaki"
202,"Yul","Aitutaki"
194,"Nate",NA
194,"Nate",NA
190,"Jessica","Aitutaki"
195,"Candice","Aitutaki"
196,"Jonathan","Aitutaki"
199,"Sundra","Aitutaki"
200,"Becky","Aitutaki"
201,"Ozzy","Aitutaki"
202,"Yul","Aitutaki"
191,"Brad","Rarotonga"
192,"Rebecca","Rarotonga"
193,"Jenny","Rarotonga"
194,"Nate","Rarotonga"
197,"Parvati","Rarotonga"
198,"Adam","Rarotonga"
199,"Sundra","Aitutaki"
200,"Becky","Aitutaki"
201,"Ozzy","Aitutaki"
202,"Yul","Aitutaki"
199,"Sundra","Aitutaki"
200,"Becky","Aitutaki"
201,"Ozzy","Aitutaki"
202,"Yul","Aitutaki"
199,"Sundra","Aitutaki"
200,"Becky","Aitutaki"
201,"Ozzy","Aitutaki"
202,"Yul","Aitutaki"
199,"Sundra","Aitutaki"
200,"Becky","Aitutaki"
201,"Ozzy","Aitutaki"
202,"Yul","Aitutaki"
199,"Sundra","Aitutaki"
200,"Becky","Aitutaki"
201,"Ozzy","Aitutaki"
202,"Yul","Aitutaki"
199,"Sundra","Aitutaki"
200,"Becky","Aitutaki"
201,"Ozzy","Aitutaki"
202,"Yul","Aitutaki"
199,"Sundra","Aitutaki"
200,"Becky","Aitutaki"
201,"Ozzy","Aitutaki"
202,"Yul","Aitutaki"
199,"Sundra","Aitutaki"
200,"Becky","Aitutaki"
201,"Ozzy","Aitutaki"
202,"Yul","Aitutaki"
201,"Ozzy",NA
NA,NA,NA
198,"Adam",NA
197,"Parvati",NA
198,"Adam",NA
199,"Sundra",NA
201,"Ozzy",NA
201,"Ozzy",NA
197,"Parvati",NA
202,"Yul",NA
201,"Ozzy",NA
201,"Ozzy",NA
201,"Ozzy",NA
172,"Dan","La Mina"
176,"Bruce","La Mina"
178,"Shane","La Mina"
180,"Terry","La Mina"
171,"Bobby","Viveros"
173,"Nick","Viveros"
174,"Austin","Viveros"
182,"Aras","Viveros"
167,"Tina","Casaya"
168,"Melinda","Casaya"
170,"Ruth Marie","Casaya"
179,"Cirie","Casaya"
169,"Misty","Bayoneta"
175,"Sally","Bayoneta"
177,"Courtney","Bayoneta"
181,"Danielle","Bayoneta"
172,"Dan","La Mina"
176,"Bruce","La Mina"
178,"Shane","La Mina"
180,"Terry","La Mina"
171,"Bobby","Viveros"
173,"Nick","Viveros"
174,"Austin","Viveros"
182,"Aras","Viveros"
169,"Misty","La Mina"
170,"Ruth Marie","La Mina"
172,"Dan","La Mina"
173,"Nick","La Mina"
174,"Austin","La Mina"
175,"Sally","La Mina"
180,"Terry","La Mina"
169,"Misty","La Mina"
170,"Ruth Marie","La Mina"
172,"Dan","La Mina"
173,"Nick","La Mina"
174,"Austin","La Mina"
175,"Sally","La Mina"
180,"Terry","La Mina"
169,"Misty","La Mina"
170,"Ruth Marie","La Mina"
172,"Dan","La Mina"
173,"Nick","La Mina"
174,"Austin","La Mina"
175,"Sally","La Mina"
180,"Terry","La Mina"
171,"Bobby","Casaya"
176,"Bruce","Casaya"
177,"Courtney","Casaya"
178,"Shane","Casaya"
179,"Cirie","Casaya"
181,"Danielle","Casaya"
182,"Aras","Casaya"
171,"Bobby","Casaya"
176,"Bruce","Casaya"
177,"Courtney","Casaya"
178,"Shane","Casaya"
179,"Cirie","Casaya"
181,"Danielle","Casaya"
182,"Aras","Casaya"
171,"Bobby","Casaya"
176,"Bruce","Casaya"
177,"Courtney","Casaya"
178,"Shane","Casaya"
179,"Cirie","Casaya"
181,"Danielle","Casaya"
182,"Aras","Casaya"
171,"Bobby","Casaya"
176,"Bruce","Casaya"
177,"Courtney","Casaya"
178,"Shane","Casaya"
179,"Cirie","Casaya"
181,"Danielle","Casaya"
182,"Aras","Casaya"
172,"Dan","La Mina"
173,"Nick","La Mina"
174,"Austin","La Mina"
175,"Sally","La Mina"
180,"Terry","La Mina"
176,"Bruce","Casaya"
177,"Courtney","Casaya"
178,"Shane","Casaya"
179,"Cirie","Casaya"
181,"Danielle","Casaya"
182,"Aras","Casaya"
176,"Bruce","Casaya"
177,"Courtney","Casaya"
178,"Shane","Casaya"
179,"Cirie","Casaya"
181,"Danielle","Casaya"
182,"Aras","Casaya"
180,"Terry",NA
182,"Aras",NA
176,"Bruce",NA
175,"Sally",NA
180,"Terry",NA
176,"Bruce",NA
177,"Courtney",NA
175,"Sally",NA
180,"Terry",NA
180,"Terry",NA
179,"Cirie",NA
182,"Aras",NA
181,"Danielle",NA
177,"Courtney",NA
181,"Danielle",NA
180,"Terry",NA
180,"Terry",NA
180,"Terry",NA
178,"Shane",NA
180,"Terry",NA
180,"Terry",NA
181,"Danielle",NA
151,"Jim","Nakm"
154,"Brooke","Nakm"
155,"Blake","Nakm"
156,"Margaret","Nakm"
159,"Brandon","Nakm"
141,"Bobby Jon","Nakm"
162,"Judd","Nakm"
163,"Cindy","Nakm"
166,"Danni","Nakm"
152,"Morgan","Yaxh"
153,"Brianna","Yaxh"
157,"Brian","Yaxh"
158,"Amy","Yaxh"
160,"Jamie","Yaxh"
161,"Gary","Yaxh"
164,"Lydia","Yaxh"
165,"Rafe","Yaxh"
144,"Stephenie","Yaxh"
154,"Brooke","Nakm"
155,"Blake","Nakm"
156,"Margaret","Nakm"
159,"Brandon","Nakm"
141,"Bobby Jon","Nakm"
162,"Judd","Nakm"
163,"Cindy","Nakm"
166,"Danni","Nakm"
154,"Brooke","Nakm"
155,"Blake","Nakm"
156,"Margaret","Nakm"
159,"Brandon","Nakm"
141,"Bobby Jon","Nakm"
162,"Judd","Nakm"
163,"Cindy","Nakm"
166,"Danni","Nakm"
154,"Brooke","Nakm"
155,"Blake","Nakm"
156,"Margaret","Nakm"
159,"Brandon","Nakm"
141,"Bobby Jon","Nakm"
162,"Judd","Nakm"
163,"Cindy","Nakm"
166,"Danni","Nakm"
154,"Brooke","Nakm"
155,"Blake","Nakm"
156,"Margaret","Nakm"
159,"Brandon","Nakm"
141,"Bobby Jon","Nakm"
162,"Judd","Nakm"
163,"Cindy","Nakm"
166,"Danni","Nakm"
155,"Blake","Yaxh"
157,"Brian","Yaxh"
158,"Amy","Yaxh"
159,"Brandon","Yaxh"
141,"Bobby Jon","Yaxh"
161,"Gary","Yaxh"
166,"Danni","Yaxh"
155,"Blake","Yaxh"
157,"Brian","Yaxh"
158,"Amy","Yaxh"
159,"Brandon","Yaxh"
141,"Bobby Jon","Yaxh"
161,"Gary","Yaxh"
166,"Danni","Yaxh"
156,"Margaret","Nakm"
160,"Jamie","Nakm"
162,"Judd","Nakm"
163,"Cindy","Nakm"
164,"Lydia","Nakm"
165,"Rafe","Nakm"
144,"Stephenie","Nakm"
156,"Margaret","Nakm"
160,"Jamie","Nakm"
162,"Judd","Nakm"
163,"Cindy","Nakm"
164,"Lydia","Nakm"
165,"Rafe","Nakm"
144,"Stephenie","Nakm"
156,"Margaret","Nakm"
160,"Jamie","Nakm"
162,"Judd","Nakm"
163,"Cindy","Nakm"
164,"Lydia","Nakm"
165,"Rafe","Nakm"
144,"Stephenie","Nakm"
165,"Rafe",NA
161,"Gary",NA
158,"Amy","Yaxh"
159,"Brandon","Yaxh"
141,"Bobby Jon","Yaxh"
161,"Gary","Yaxh"
166,"Danni","Yaxh"
160,"Jamie","Nakm"
162,"Judd","Nakm"
163,"Cindy","Nakm"
164,"Lydia","Nakm"
165,"Rafe","Nakm"
144,"Stephenie","Nakm"
161,"Gary",NA
162,"Judd",NA
141,"Bobby Jon",NA
144,"Stephenie",NA
160,"Jamie",NA
166,"Danni",NA
161,"Gary",NA
162,"Judd",NA
144,"Stephenie",NA
165,"Rafe",NA
163,"Cindy",NA
165,"Rafe",NA
165,"Rafe",NA
NA,NA,NA
166,"Danni",NA
163,"Cindy",NA
144,"Stephenie",NA
144,"Stephenie",NA
165,"Rafe",NA
166,"Danni",NA
148,"Ian",NA
133,"Jolanda",NA
137,"Willard","Koror"
142,"Coby","Koror"
143,"Janu","Koror"
145,"Gregg","Koror"
146,"Caryn","Koror"
147,"Jenn","Koror"
148,"Ian","Koror"
149,"Katie","Koror"
150,"Tom","Koror"
137,"Willard","Koror"
142,"Coby","Koror"
143,"Janu","Koror"
145,"Gregg","Koror"
146,"Caryn","Koror"
147,"Jenn","Koror"
148,"Ian","Koror"
149,"Katie","Koror"
150,"Tom","Koror"
134,"Ashlee","Ulong"
135,"Jeff","Ulong"
136,"Kim","Ulong"
138,"Angie","Ulong"
139,"James","Ulong"
140,"Ibrehem","Ulong"
141,"Bobby Jon","Ulong"
144,"Stephenie","Ulong"
137,"Willard","Koror"
142,"Coby","Koror"
143,"Janu","Koror"
145,"Gregg","Koror"
146,"Caryn","Koror"
147,"Jenn","Koror"
148,"Ian","Koror"
149,"Katie","Koror"
150,"Tom","Koror"
135,"Jeff","Ulong"
136,"Kim","Ulong"
138,"Angie","Ulong"
139,"James","Ulong"
140,"Ibrehem","Ulong"
141,"Bobby Jon","Ulong"
144,"Stephenie","Ulong"
137,"Willard","Koror"
142,"Coby","Koror"
143,"Janu","Koror"
145,"Gregg","Koror"
146,"Caryn","Koror"
147,"Jenn","Koror"
148,"Ian","Koror"
149,"Katie","Koror"
150,"Tom","Koror"
137,"Willard","Koror"
142,"Coby","Koror"
143,"Janu","Koror"
145,"Gregg","Koror"
146,"Caryn","Koror"
147,"Jenn","Koror"
148,"Ian","Koror"
149,"Katie","Koror"
150,"Tom","Koror"
137,"Willard","Koror"
142,"Coby","Koror"
143,"Janu","Koror"
145,"Gregg","Koror"
146,"Caryn","Koror"
147,"Jenn","Koror"
148,"Ian","Koror"
149,"Katie","Koror"
150,"Tom","Koror"
137,"Willard","Koror"
142,"Coby","Koror"
143,"Janu","Koror"
145,"Gregg","Koror"
146,"Caryn","Koror"
147,"Jenn","Koror"
148,"Ian","Koror"
149,"Katie","Koror"
150,"Tom","Koror"
137,"Willard","Koror"
142,"Coby","Koror"
143,"Janu","Koror"
145,"Gregg","Koror"
146,"Caryn","Koror"
147,"Jenn","Koror"
148,"Ian","Koror"
149,"Katie","Koror"
150,"Tom","Koror"
140,"Ibrehem",NA
139,"James","Ulong"
140,"Ibrehem","Ulong"
141,"Bobby Jon","Ulong"
144,"Stephenie","Ulong"
142,"Coby","Koror"
143,"Janu","Koror"
145,"Gregg","Koror"
146,"Caryn","Koror"
147,"Jenn","Koror"
148,"Ian","Koror"
149,"Katie","Koror"
150,"Tom","Koror"
142,"Coby","Koror"
143,"Janu","Koror"
145,"Gregg","Koror"
146,"Caryn","Koror"
147,"Jenn","Koror"
148,"Ian","Koror"
149,"Katie","Koror"
150,"Tom","Koror"
142,"Coby","Koror"
143,"Janu","Koror"
145,"Gregg","Koror"
146,"Caryn","Koror"
147,"Jenn","Koror"
148,"Ian","Koror"
149,"Katie","Koror"
150,"Tom","Koror"
142,"Coby","Koror"
143,"Janu","Koror"
145,"Gregg","Koror"
146,"Caryn","Koror"
147,"Jenn","Koror"
148,"Ian","Koror"
149,"Katie","Koror"
150,"Tom","Koror"
142,"Coby","Koror"
143,"Janu","Koror"
145,"Gregg","Koror"
146,"Caryn","Koror"
147,"Jenn","Koror"
148,"Ian","Koror"
149,"Katie","Koror"
150,"Tom","Koror"
150,"Tom",NA
146,"Caryn",NA
145,"Gregg",NA
143,"Janu",NA
150,"Tom",NA
150,"Tom",NA
NA,NA,NA
148,"Ian",NA
145,"Gregg",NA
147,"Jenn",NA
149,"Katie",NA
148,"Ian",NA
148,"Ian",NA
150,"Tom",NA
150,"Tom",NA
150,"Tom",NA
150,"Tom",NA
114,"Dolly","Yasur"
116,"Mia","Yasur"
119,"Lisa","Yasur"
124,"Leann","Yasur"
125,"Ami","Yasur"
126,"Julie","Yasur"
127,"Eliza","Yasur"
128,"Scout","Yasur"
129,"Twila","Yasur"
114,"Dolly","Yasur"
116,"Mia","Yasur"
119,"Lisa","Yasur"
124,"Leann","Yasur"
125,"Ami","Yasur"
126,"Julie","Yasur"
127,"Eliza","Yasur"
128,"Scout","Yasur"
129,"Twila","Yasur"
114,"Dolly","Yasur"
116,"Mia","Yasur"
119,"Lisa","Yasur"
124,"Leann","Yasur"
125,"Ami","Yasur"
126,"Julie","Yasur"
127,"Eliza","Yasur"
128,"Scout","Yasur"
129,"Twila","Yasur"
115,"John P.","Lopevi"
117,"Brady","Lopevi"
118,"Travis","Lopevi"
120,"John K.","Lopevi"
121,"Rory","Lopevi"
122,"Lea","Lopevi"
123,"Chad","Lopevi"
130,"Chris","Lopevi"
115,"John P.","Lopevi"
117,"Brady","Lopevi"
118,"Travis","Lopevi"
120,"John K.","Lopevi"
121,"Rory","Lopevi"
122,"Lea","Lopevi"
123,"Chad","Lopevi"
130,"Chris","Lopevi"
115,"John P.","Lopevi"
117,"Brady","Lopevi"
118,"Travis","Lopevi"
120,"John K.","Lopevi"
121,"Rory","Lopevi"
122,"Lea","Lopevi"
123,"Chad","Lopevi"
130,"Chris","Lopevi"
120,"John K.",NA
125,"Ami",NA
119,"Lisa","Yasur"
124,"Leann","Yasur"
125,"Ami","Yasur"
126,"Julie","Yasur"
127,"Eliza","Yasur"
128,"Scout","Yasur"
129,"Twila","Yasur"
119,"Lisa","Yasur"
124,"Leann","Yasur"
125,"Ami","Yasur"
126,"Julie","Yasur"
127,"Eliza","Yasur"
128,"Scout","Yasur"
129,"Twila","Yasur"
120,"John K.","Lopevi"
122,"Lea","Lopevi"
123,"Chad","Lopevi"
126,"Julie","Lopevi"
129,"Twila","Lopevi"
130,"Chris","Lopevi"
120,"John K.","Lopevi"
122,"Lea","Lopevi"
123,"Chad","Lopevi"
126,"Julie","Lopevi"
129,"Twila","Lopevi"
130,"Chris","Lopevi"
120,"John K.","Lopevi"
122,"Lea","Lopevi"
123,"Chad","Lopevi"
126,"Julie","Lopevi"
129,"Twila","Lopevi"
130,"Chris","Lopevi"
120,"John K.","Lopevi"
122,"Lea","Lopevi"
123,"Chad","Lopevi"
126,"Julie","Lopevi"
129,"Twila","Lopevi"
130,"Chris","Lopevi"
121,"Rory","Yasur"
124,"Leann","Yasur"
125,"Ami","Yasur"
127,"Eliza","Yasur"
128,"Scout","Yasur"
121,"Rory","Yasur"
124,"Leann","Yasur"
125,"Ami","Yasur"
127,"Eliza","Yasur"
128,"Scout","Yasur"
122,"Lea",NA
124,"Leann",NA
126,"Julie",NA
125,"Ami",NA
125,"Ami",NA
123,"Chad",NA
130,"Chris",NA
127,"Eliza",NA
129,"Twila",NA
127,"Eliza",NA
125,"Ami",NA
127,"Eliza",NA
125,"Ami",NA
130,"Chris",NA
130,"Chris",NA
126,"Julie",NA
130,"Chris",NA
127,"Eliza",NA
130,"Chris",NA
130,"Chris",NA
94,"Rob C.","Chapera"
13,"Sue","Chapera"
24,"Alicia","Chapera"
45,"Big Tom","Chapera"
55,"Boston Rob","Chapera"
27,"Amber","Chapera"
96,"Jenna","Mogo Mogo"
16,"Richard","Mogo Mogo"
31,"Colby","Mogo Mogo"
46,"Lex","Mogo Mogo"
62,"Kathy","Mogo Mogo"
71,"Shii Ann","Mogo Mogo"
14,"Rudy","Saboga"
48,"Ethan","Saboga"
25,"Jerri","Saboga"
107,"Rupert","Saboga"
9,"Jenna L.","Saboga"
94,"Rob C.","Chapera"
13,"Sue","Chapera"
24,"Alicia","Chapera"
45,"Big Tom","Chapera"
55,"Boston Rob","Chapera"
27,"Amber","Chapera"
96,"Jenna","Mogo Mogo"
16,"Richard","Mogo Mogo"
31,"Colby","Mogo Mogo"
46,"Lex","Mogo Mogo"
62,"Kathy","Mogo Mogo"
71,"Shii Ann","Mogo Mogo"
94,"Rob C.","Chapera"
13,"Sue","Chapera"
24,"Alicia","Chapera"
45,"Big Tom","Chapera"
55,"Boston Rob","Chapera"
27,"Amber","Chapera"
96,"Jenna","Mogo Mogo"
16,"Richard","Mogo Mogo"
31,"Colby","Mogo Mogo"
46,"Lex","Mogo Mogo"
62,"Kathy","Mogo Mogo"
71,"Shii Ann","Mogo Mogo"
94,"Rob C.","Chapera"
13,"Sue","Chapera"
24,"Alicia","Chapera"
45,"Big Tom","Chapera"
55,"Boston Rob","Chapera"
27,"Amber","Chapera"
48,"Ethan","Saboga"
25,"Jerri","Saboga"
107,"Rupert","Saboga"
9,"Jenna L.","Saboga"
48,"Ethan","Saboga"
25,"Jerri","Saboga"
107,"Rupert","Saboga"
9,"Jenna L.","Saboga"
16,"Richard","Mogo Mogo"
31,"Colby","Mogo Mogo"
46,"Lex","Mogo Mogo"
62,"Kathy","Mogo Mogo"
71,"Shii Ann","Mogo Mogo"
16,"Richard","Mogo Mogo"
31,"Colby","Mogo Mogo"
48,"Ethan","Mogo Mogo"
25,"Jerri","Mogo Mogo"
46,"Lex","Mogo Mogo"
62,"Kathy","Mogo Mogo"
71,"Shii Ann","Mogo Mogo"
13,"Sue","Chapera"
24,"Alicia","Chapera"
45,"Big Tom","Chapera"
107,"Rupert","Chapera"
9,"Jenna L.","Chapera"
55,"Boston Rob","Chapera"
27,"Amber","Chapera"
13,"Sue","Chapera"
24,"Alicia","Chapera"
45,"Big Tom","Chapera"
107,"Rupert","Chapera"
9,"Jenna L.","Chapera"
55,"Boston Rob","Chapera"
27,"Amber","Chapera"
31,"Colby","Mogo Mogo"
48,"Ethan","Mogo Mogo"
25,"Jerri","Mogo Mogo"
46,"Lex","Mogo Mogo"
62,"Kathy","Mogo Mogo"
71,"Shii Ann","Mogo Mogo"
24,"Alicia","Chapera"
45,"Big Tom","Chapera"
107,"Rupert","Chapera"
9,"Jenna L.","Chapera"
55,"Boston Rob","Chapera"
27,"Amber","Chapera"
24,"Alicia","Chapera"
45,"Big Tom","Chapera"
107,"Rupert","Chapera"
9,"Jenna L.","Chapera"
55,"Boston Rob","Chapera"
27,"Amber","Chapera"
24,"Alicia","Chapera"
45,"Big Tom","Chapera"
107,"Rupert","Chapera"
9,"Jenna L.","Chapera"
55,"Boston Rob","Chapera"
27,"Amber","Chapera"
24,"Alicia","Chapera"
45,"Big Tom","Chapera"
107,"Rupert","Chapera"
9,"Jenna L.","Chapera"
55,"Boston Rob","Chapera"
27,"Amber","Chapera"
24,"Alicia","Mogo Mogo"
45,"Big Tom","Mogo Mogo"
107,"Rupert","Mogo Mogo"
9,"Jenna L.","Mogo Mogo"
55,"Boston Rob","Mogo Mogo"
107,"Rupert",NA
9,"Jenna L.",NA
27,"Amber",NA
62,"Kathy",NA
55,"Boston Rob",NA
55,"Boston Rob",NA
9,"Jenna L.",NA
62,"Kathy",NA
45,"Big Tom",NA
24,"Alicia",NA
27,"Amber",NA
55,"Boston Rob",NA
71,"Shii Ann",NA
107,"Rupert",NA
55,"Boston Rob",NA
107,"Rupert",NA
71,"Shii Ann",NA
45,"Big Tom",NA
55,"Boston Rob",NA
45,"Big Tom",NA
55,"Boston Rob",NA
27,"Amber",NA
55,"Boston Rob",NA
27,"Amber",NA
55,"Boston Rob",NA
103,"Shawn","Drake"
107,"Rupert","Drake"
109,"Christa","Drake"
111,"Jonny Fairplay","Drake"
112,"Sandra","Drake"
103,"Shawn","Drake"
107,"Rupert","Drake"
109,"Christa","Drake"
111,"Jonny Fairplay","Drake"
112,"Sandra","Drake"
103,"Shawn","Drake"
107,"Rupert","Drake"
109,"Christa","Drake"
111,"Jonny Fairplay","Drake"
112,"Sandra","Drake"
103,"Shawn","Drake"
107,"Rupert","Drake"
109,"Christa","Drake"
111,"Jonny Fairplay","Drake"
112,"Sandra","Drake"
103,"Shawn","Drake"
107,"Rupert","Drake"
109,"Christa","Drake"
111,"Jonny Fairplay","Drake"
112,"Sandra","Drake"
103,"Shawn","Drake"
107,"Rupert","Drake"
109,"Christa","Drake"
111,"Jonny Fairplay","Drake"
112,"Sandra","Drake"
104,"Osten","Morgan"
105,"Andrew","Morgan"
106,"Ryan O.","Morgan"
108,"Tijuana","Morgan"
110,"Darrah","Morgan"
107,"Rupert",NA
104,"Osten","Morgan"
105,"Andrew","Morgan"
106,"Ryan O.","Morgan"
108,"Tijuana","Morgan"
110,"Darrah","Morgan"
104,"Osten","Morgan"
105,"Andrew","Morgan"
106,"Ryan O.","Morgan"
108,"Tijuana","Morgan"
110,"Darrah","Morgan"
103,"Shawn","Drake"
107,"Rupert","Drake"
109,"Christa","Drake"
111,"Jonny Fairplay","Drake"
112,"Sandra","Drake"
104,"Osten","Morgan"
105,"Andrew","Morgan"
106,"Ryan O.","Morgan"
108,"Tijuana","Morgan"
110,"Darrah","Morgan"
99,"Lillian","Outcasts"
100,"Burton","Outcasts"
100,"Burton",NA
107,"Rupert",NA
100,"Burton",NA
99,"Lillian",NA
107,"Rupert",NA
100,"Burton",NA
111,"Jonny Fairplay",NA
99,"Lillian",NA
100,"Burton",NA
111,"Jonny Fairplay",NA
110,"Darrah",NA
110,"Darrah",NA
111,"Jonny Fairplay",NA
99,"Lillian",NA
110,"Darrah",NA
100,"Burton",NA
111,"Jonny Fairplay",NA
110,"Darrah",NA
99,"Lillian",NA
82,"Janet","Jaburu"
84,"JoAnna","Jaburu"
85,"Jeanne","Jaburu"
86,"Shawna","Jaburu"
89,"Deena","Jaburu"
91,"Christy","Jaburu"
92,"Heidi","Jaburu"
96,"Jenna","Jaburu"
82,"Janet","Jaburu"
84,"JoAnna","Jaburu"
85,"Jeanne","Jaburu"
86,"Shawna","Jaburu"
89,"Deena","Jaburu"
91,"Christy","Jaburu"
92,"Heidi","Jaburu"
96,"Jenna","Jaburu"
83,"Daniel","Tambaqui"
87,"Roger","Tambaqui"
88,"Dave","Tambaqui"
90,"Alex","Tambaqui"
93,"Butch","Tambaqui"
94,"Rob C.","Tambaqui"
95,"Matthew","Tambaqui"
84,"JoAnna","Jaburu"
85,"Jeanne","Jaburu"
86,"Shawna","Jaburu"
89,"Deena","Jaburu"
91,"Christy","Jaburu"
92,"Heidi","Jaburu"
96,"Jenna","Jaburu"
84,"JoAnna","Jaburu"
85,"Jeanne","Jaburu"
86,"Shawna","Jaburu"
89,"Deena","Jaburu"
91,"Christy","Jaburu"
92,"Heidi","Jaburu"
96,"Jenna","Jaburu"
87,"Roger","Tambaqui"
88,"Dave","Tambaqui"
90,"Alex","Tambaqui"
93,"Butch","Tambaqui"
94,"Rob C.","Tambaqui"
95,"Matthew","Tambaqui"
87,"Roger","Tambaqui"
88,"Dave","Tambaqui"
90,"Alex","Tambaqui"
93,"Butch","Tambaqui"
94,"Rob C.","Tambaqui"
95,"Matthew","Tambaqui"
86,"Shawna","Jaburu"
89,"Deena","Jaburu"
90,"Alex","Jaburu"
94,"Rob C.","Jaburu"
95,"Matthew","Jaburu"
96,"Jenna","Jaburu"
87,"Roger","Tambaqui"
88,"Dave","Tambaqui"
91,"Christy","Tambaqui"
92,"Heidi","Tambaqui"
93,"Butch","Tambaqui"
87,"Roger","Tambaqui"
88,"Dave","Tambaqui"
91,"Christy","Tambaqui"
92,"Heidi","Tambaqui"
93,"Butch","Tambaqui"
89,"Deena",NA
88,"Dave",NA
89,"Deena",NA
96,"Jenna",NA
90,"Alex",NA
96,"Jenna",NA
95,"Matthew",NA
NA,NA,NA
94,"Rob C.",NA
95,"Matthew",NA
93,"Butch",NA
91,"Christy",NA
92,"Heidi",NA
96,"Jenna",NA
94,"Rob C.",NA
96,"Jenna",NA
95,"Matthew",NA
94,"Rob C.",NA
95,"Matthew",NA
96,"Jenna",NA
96,"Jenna",NA
67,"Jed","Sook Jai"
69,"Stephanie","Sook Jai"
70,"Robb","Sook Jai"
71,"Shii Ann","Sook Jai"
72,"Erin","Sook Jai"
73,"Ken","Sook Jai"
74,"Penny","Sook Jai"
75,"Jake","Sook Jai"
67,"Jed","Sook Jai"
69,"Stephanie","Sook Jai"
70,"Robb","Sook Jai"
71,"Shii Ann","Sook Jai"
72,"Erin","Sook Jai"
73,"Ken","Sook Jai"
74,"Penny","Sook Jai"
75,"Jake","Sook Jai"
67,"Jed","Sook Jai"
69,"Stephanie","Sook Jai"
70,"Robb","Sook Jai"
71,"Shii Ann","Sook Jai"
72,"Erin","Sook Jai"
73,"Ken","Sook Jai"
74,"Penny","Sook Jai"
75,"Jake","Sook Jai"
68,"Ghandia","Chuay Gahn"
76,"Ted","Chuay Gahn"
77,"Helen","Chuay Gahn"
78,"Jan","Chuay Gahn"
79,"Clay","Chuay Gahn"
80,"Brian","Chuay Gahn"
68,"Ghandia","Chuay Gahn"
76,"Ted","Chuay Gahn"
77,"Helen","Chuay Gahn"
78,"Jan","Chuay Gahn"
79,"Clay","Chuay Gahn"
80,"Brian","Chuay Gahn"
69,"Stephanie","Sook Jai"
70,"Robb","Sook Jai"
71,"Shii Ann","Sook Jai"
72,"Erin","Sook Jai"
73,"Ken","Sook Jai"
74,"Penny","Sook Jai"
75,"Jake","Sook Jai"
69,"Stephanie","Sook Jai"
70,"Robb","Sook Jai"
71,"Shii Ann","Sook Jai"
72,"Erin","Sook Jai"
73,"Ken","Sook Jai"
74,"Penny","Sook Jai"
75,"Jake","Sook Jai"
NA,NA,NA
76,"Ted","Chuay Gahn"
77,"Helen","Chuay Gahn"
78,"Jan","Chuay Gahn"
79,"Clay","Chuay Gahn"
80,"Brian","Chuay Gahn"
70,"Robb","Sook Jai"
71,"Shii Ann","Sook Jai"
72,"Erin","Sook Jai"
73,"Ken","Sook Jai"
74,"Penny","Sook Jai"
75,"Jake","Sook Jai"
76,"Ted","Chuay Gahn"
77,"Helen","Chuay Gahn"
78,"Jan","Chuay Gahn"
79,"Clay","Chuay Gahn"
80,"Brian","Chuay Gahn"
76,"Ted","Chuay Gahn"
77,"Helen","Chuay Gahn"
78,"Jan","Chuay Gahn"
79,"Clay","Chuay Gahn"
80,"Brian","Chuay Gahn"
76,"Ted","Chuay Gahn"
77,"Helen","Chuay Gahn"
78,"Jan","Chuay Gahn"
79,"Clay","Chuay Gahn"
80,"Brian","Chuay Gahn"
80,"Brian",NA
79,"Clay",NA
80,"Brian",NA
79,"Clay",NA
77,"Helen",NA
77,"Helen",NA
76,"Ted",NA
76,"Ted",NA
77,"Helen",NA
80,"Brian",NA
80,"Brian",NA
80,"Brian",NA
53,"Gabriel","Rotu"
56,"John","Rotu"
57,"Zoe","Rotu"
58,"Tammy","Rotu"
59,"Robert","Rotu"
61,"Paschal","Rotu"
62,"Kathy","Rotu"
63,"Neleh","Rotu"
53,"Gabriel","Rotu"
56,"John","Rotu"
57,"Zoe","Rotu"
58,"Tammy","Rotu"
59,"Robert","Rotu"
61,"Paschal","Rotu"
62,"Kathy","Rotu"
63,"Neleh","Rotu"
53,"Gabriel","Rotu"
56,"John","Rotu"
57,"Zoe","Rotu"
58,"Tammy","Rotu"
59,"Robert","Rotu"
61,"Paschal","Rotu"
62,"Kathy","Rotu"
63,"Neleh","Rotu"
53,"Gabriel","Rotu"
56,"John","Rotu"
57,"Zoe","Rotu"
58,"Tammy","Rotu"
59,"Robert","Rotu"
61,"Paschal","Rotu"
62,"Kathy","Rotu"
63,"Neleh","Rotu"
53,"Gabriel","Rotu"
56,"John","Rotu"
57,"Zoe","Rotu"
58,"Tammy","Rotu"
59,"Robert","Rotu"
61,"Paschal","Rotu"
62,"Kathy","Rotu"
63,"Neleh","Rotu"
53,"Gabriel","Rotu"
55,"Boston Rob","Rotu"
56,"John","Rotu"
57,"Zoe","Rotu"
58,"Tammy","Rotu"
59,"Robert","Rotu"
60,"Sean","Rotu"
64,"Vecepia","Rotu"
54,"Gina","Maraamu"
61,"Paschal","Maraamu"
62,"Kathy","Maraamu"
63,"Neleh","Maraamu"
54,"Gina","Maraamu"
61,"Paschal","Maraamu"
62,"Kathy","Maraamu"
63,"Neleh","Maraamu"
54,"Gina","Maraamu"
61,"Paschal","Maraamu"
62,"Kathy","Maraamu"
63,"Neleh","Maraamu"
55,"Boston Rob","Rotu"
56,"John","Rotu"
57,"Zoe","Rotu"
58,"Tammy","Rotu"
59,"Robert","Rotu"
60,"Sean","Rotu"
64,"Vecepia","Rotu"
62,"Kathy",NA
62,"Kathy",NA
58,"Tammy",NA
61,"Paschal",NA
60,"Sean",NA
58,"Tammy",NA
61,"Paschal",NA
63,"Neleh",NA
59,"Robert",NA
62,"Kathy",NA
64,"Vecepia",NA
60,"Sean",NA
62,"Kathy",NA
64,"Vecepia",NA
63,"Neleh",NA
35,"Carl","Samburu"
36,"Linda","Samburu"
37,"Silas","Samburu"
38,"Lindsey","Samburu"
41,"Brandon","Samburu"
42,"Frank","Samburu"
43,"Kim P.","Samburu"
44,"Teresa","Samburu"
35,"Carl","Samburu"
36,"Linda","Samburu"
37,"Silas","Samburu"
38,"Lindsey","Samburu"
41,"Brandon","Samburu"
42,"Frank","Samburu"
43,"Kim P.","Samburu"
44,"Teresa","Samburu"
35,"Carl","Samburu"
36,"Linda","Samburu"
37,"Silas","Samburu"
38,"Lindsey","Samburu"
41,"Brandon","Samburu"
42,"Frank","Samburu"
43,"Kim P.","Samburu"
44,"Teresa","Samburu"
35,"Carl","Samburu"
36,"Linda","Samburu"
37,"Silas","Samburu"
38,"Lindsey","Samburu"
41,"Brandon","Samburu"
42,"Frank","Samburu"
43,"Kim P.","Samburu"
44,"Teresa","Samburu"
39,"Clarence","Boran"
40,"Kelly","Boran"
45,"Big Tom","Boran"
46,"Lex","Boran"
47,"Kim J.","Boran"
48,"Ethan","Boran"
39,"Clarence","Boran"
40,"Kelly","Boran"
45,"Big Tom","Boran"
46,"Lex","Boran"
47,"Kim J.","Boran"
48,"Ethan","Boran"
36,"Linda","Samburu"
37,"Silas","Samburu"
38,"Lindsey","Samburu"
41,"Brandon","Samburu"
42,"Frank","Samburu"
43,"Kim P.","Samburu"
44,"Teresa","Samburu"
39,"Clarence","Boran"
40,"Kelly","Boran"
45,"Big Tom","Boran"
46,"Lex","Boran"
47,"Kim J.","Boran"
48,"Ethan","Boran"
37,"Silas","Boran"
39,"Clarence","Boran"
42,"Frank","Boran"
44,"Teresa","Boran"
47,"Kim J.","Boran"
48,"Ethan","Boran"
38,"Lindsey","Samburu"
40,"Kelly","Samburu"
41,"Brandon","Samburu"
43,"Kim P.","Samburu"
45,"Big Tom","Samburu"
46,"Lex","Samburu"
38,"Lindsey","Samburu"
40,"Kelly","Samburu"
41,"Brandon","Samburu"
43,"Kim P.","Samburu"
45,"Big Tom","Samburu"
46,"Lex","Samburu"
39,"Clarence","Boran"
42,"Frank","Boran"
44,"Teresa","Boran"
47,"Kim J.","Boran"
48,"Ethan","Boran"
44,"Teresa",NA
48,"Ethan",NA
46,"Lex",NA
48,"Ethan",NA
41,"Brandon",NA
42,"Frank",NA
46,"Lex",NA
NA,NA,NA
46,"Lex",NA
46,"Lex",NA
45,"Big Tom",NA
45,"Big Tom",NA
46,"Lex",NA
46,"Lex",NA
47,"Kim J.",NA
47,"Kim J.",NA
18,"Kel","Ogakor"
19,"Maralyn","Ogakor"
20,"Mitchell","Ogakor"
25,"Jerri","Ogakor"
27,"Amber","Ogakor"
30,"Keith","Ogakor"
31,"Colby","Ogakor"
32,"Tina","Ogakor"
18,"Kel","Ogakor"
19,"Maralyn","Ogakor"
20,"Mitchell","Ogakor"
25,"Jerri","Ogakor"
27,"Amber","Ogakor"
30,"Keith","Ogakor"
31,"Colby","Ogakor"
32,"Tina","Ogakor"
18,"Kel","Ogakor"
19,"Maralyn","Ogakor"
20,"Mitchell","Ogakor"
25,"Jerri","Ogakor"
27,"Amber","Ogakor"
30,"Keith","Ogakor"
31,"Colby","Ogakor"
32,"Tina","Ogakor"
21,"Kimmi","Kucha"
22,"Michael","Kucha"
23,"Jeff","Kucha"
24,"Alicia","Kucha"
26,"Nick","Kucha"
28,"Rodger","Kucha"
29,"Elisabeth","Kucha"
19,"Maralyn","Ogakor"
20,"Mitchell","Ogakor"
25,"Jerri","Ogakor"
27,"Amber","Ogakor"
30,"Keith","Ogakor"
31,"Colby","Ogakor"
32,"Tina","Ogakor"
21,"Kimmi","Kucha"
22,"Michael","Kucha"
23,"Jeff","Kucha"
24,"Alicia","Kucha"
26,"Nick","Kucha"
28,"Rodger","Kucha"
29,"Elisabeth","Kucha"
21,"Kimmi","Kucha"
22,"Michael","Kucha"
23,"Jeff","Kucha"
24,"Alicia","Kucha"
26,"Nick","Kucha"
28,"Rodger","Kucha"
29,"Elisabeth","Kucha"
21,"Kimmi","Kucha"
22,"Michael","Kucha"
23,"Jeff","Kucha"
24,"Alicia","Kucha"
26,"Nick","Kucha"
28,"Rodger","Kucha"
29,"Elisabeth","Kucha"
21,"Kimmi","Kucha"
22,"Michael","Kucha"
23,"Jeff","Kucha"
24,"Alicia","Kucha"
26,"Nick","Kucha"
28,"Rodger","Kucha"
29,"Elisabeth","Kucha"
25,"Jerri","Ogakor"
27,"Amber","Ogakor"
30,"Keith","Ogakor"
31,"Colby","Ogakor"
32,"Tina","Ogakor"
22,"Michael","Kucha"
23,"Jeff","Kucha"
24,"Alicia","Kucha"
26,"Nick","Kucha"
28,"Rodger","Kucha"
29,"Elisabeth","Kucha"
30,"Keith",NA
25,"Jerri",NA
27,"Amber",NA
30,"Keith",NA
31,"Colby",NA
25,"Jerri",NA
26,"Nick",NA
NA,NA,NA
31,"Colby",NA
31,"Colby",NA
31,"Colby",NA
32,"Tina",NA
31,"Colby",NA
31,"Colby",NA
31,"Colby",NA
31,"Colby",NA
2,"B.B.","Pagong"
4,"Ramona","Pagong"
6,"Joel","Pagong"
7,"Gretchen","Pagong"
8,"Greg","Pagong"
9,"Jenna","Pagong"
10,"Gervase","Pagong"
11,"Colleen","Pagong"
2,"B.B.","Pagong"
4,"Ramona","Pagong"
6,"Joel","Pagong"
7,"Gretchen","Pagong"
8,"Greg","Pagong"
9,"Jenna","Pagong"
10,"Gervase","Pagong"
11,"Colleen","Pagong"
2,"B.B.","Pagong"
4,"Ramona","Pagong"
6,"Joel","Pagong"
7,"Gretchen","Pagong"
8,"Greg","Pagong"
9,"Jenna","Pagong"
10,"Gervase","Pagong"
11,"Colleen","Pagong"
3,"Stacey","Tagi"
5,"Dirk","Tagi"
12,"Sean","Tagi"
13,"Susan","Tagi"
14,"Rudy","Tagi"
15,"Kelly","Tagi"
16,"Richard","Tagi"
3,"Stacey","Tagi"
5,"Dirk","Tagi"
12,"Sean","Tagi"
13,"Susan","Tagi"
14,"Rudy","Tagi"
15,"Kelly","Tagi"
16,"Richard","Tagi"
4,"Ramona","Pagong"
6,"Joel","Pagong"
7,"Gretchen","Pagong"
8,"Greg","Pagong"
9,"Jenna","Pagong"
10,"Gervase","Pagong"
11,"Colleen","Pagong"
5,"Dirk","Tagi"
12,"Sean","Tagi"
13,"Susan","Tagi"
14,"Rudy","Tagi"
15,"Kelly","Tagi"
16,"Richard","Tagi"
5,"Dirk","Tagi"
12,"Sean","Tagi"
13,"Susan","Tagi"
14,"Rudy","Tagi"
15,"Kelly","Tagi"
16,"Richard","Tagi"
6,"Joel","Pagong"
7,"Gretchen","Pagong"
8,"Greg","Pagong"
9,"Jenna","Pagong"
10,"Gervase","Pagong"
11,"Colleen","Pagong"
6,"Joel","Pagong"
7,"Gretchen","Pagong"
8,"Greg","Pagong"
9,"Jenna","Pagong"
10,"Gervase","Pagong"
11,"Colleen","Pagong"
6,"Joel","Pagong"
7,"Gretchen","Pagong"
8,"Greg","Pagong"
9,"Jenna","Pagong"
10,"Gervase","Pagong"
11,"Colleen","Pagong"
12,"Sean","Tagi"
13,"Susan","Tagi"
14,"Rudy","Tagi"
15,"Kelly","Tagi"
16,"Richard","Tagi"
8,"Greg",NA
8,"Greg",NA
10,"Gervase",NA
11,"Colleen",NA
9,"Jenna",NA
14,"Rudy",NA
10,"Gervase",NA
16,"Richard",NA
12,"Sean",NA
16,"Richard",NA
15,"Kelly",NA
15,"Kelly",NA
15,"Kelly",NA
15,"Kelly",NA
15,"Kelly",NA
