"season_name","season","episode","title","day","challenge_type","challenge_name"
"Survivor: Winners at War",40,1,"Greatest of the Greats",2,"reward",NA
"Survivor: Winners at War",40,1,"Greatest of the Greats",2,"immunity",NA
"Survivor: Winners at War",40,1,"Greatest of the Greats",3,"immunity",NA
"Survivor: Winners at War",40,2,"It's Like a Survivor Economy",6,"reward",NA
"Survivor: Winners at War",40,2,"It's Like a Survivor Economy",6,"immunity",NA
"Survivor: Winners at War",40,3,"Out for Blood",9,"reward",NA
"Survivor: Winners at War",40,3,"Out for Blood",9,"immunity",NA
"Survivor: Winners at War",40,4,"I Like Revenge",11,"reward",NA
"Survivor: Winners at War",40,4,"I Like Revenge",11,"immunity",NA
"Survivor: Winners at War",40,5,"The Buddy System on Steroids",14,"immunity",NA
"Survivor: Winners at War",40,6,"Quick on the Draw",16,"reward",NA
"Survivor: Winners at War",40,6,"Quick on the Draw",16,"immunity",NA
"Survivor: Winners at War",40,7,"We're in the Majors",18,"reward",NA
"Survivor: Winners at War",40,7,"We're in the Majors",18,"immunity",NA
"Survivor: Winners at War",40,8,"This is Where the Battle Begins",21,"reward",NA
"Survivor: Winners at War",40,8,"This is Where the Battle Begins",21,"immunity",NA
"Survivor: Winners at War",40,9,"War is Not Pretty",23,"reward",NA
"Survivor: Winners at War",40,9,"War is Not Pretty",23,"immunity",NA
"Survivor: Winners at War",40,10,"The Full Circle",25,"immunity",NA
"Survivor: Winners at War",40,11,"This is Extortion",28,"reward",NA
"Survivor: Winners at War",40,11,"This is Extortion",28,"immunity",NA
"Survivor: Winners at War",40,12,"Friendly Fire",29,"immunity",NA
"Survivor: Winners at War",40,13,"The Penultimate Step of the War",31,"immunity",NA
"Survivor: Winners at War",40,13,"The Penultimate Step of the War",34,"immunity",NA
"Survivor: Winners at War",40,14,"It All Boils Down to This",36,"reward",NA
"Survivor: Winners at War",40,14,"It All Boils Down to This",36,"immunity",NA
"Survivor: Winners at War",40,14,"It All Boils Down to This",37,"immunity",NA
"Survivor: Winners at War",40,14,"It All Boils Down to This",38,"immunity",NA
"Survivor: Island of the Idols",39,1,"I Vote You Out and That's It",3,"reward",NA
"Survivor: Island of the Idols",39,1,"I Vote You Out and That's It",3,"immunity",NA
"Survivor: Island of the Idols",39,2,"YOLO, Let's Play!",6,"reward",NA
"Survivor: Island of the Idols",39,2,"YOLO, Let's Play!",6,"immunity",NA
"Survivor: Island of the Idols",39,3,"Honesty Would Be Chill",8,"reward",NA
"Survivor: Island of the Idols",39,3,"Honesty Would Be Chill",8,"immunity",NA
"Survivor: Island of the Idols",39,4,"Plan Z",11,"reward",NA
"Survivor: Island of the Idols",39,4,"Plan Z",11,"immunity",NA
"Survivor: Island of the Idols",39,5,"Don't Bite the Hand That Feeds You",14,"reward",NA
"Survivor: Island of the Idols",39,5,"Don't Bite the Hand That Feeds You",14,"immunity",NA
"Survivor: Island of the Idols",39,6,"Suck It Up Buttercup",16,"reward",NA
"Survivor: Island of the Idols",39,6,"Suck It Up Buttercup",16,"immunity",NA
"Survivor: Island of the Idols",39,7,"I Was Born at Night, But Not Last Night",19,"reward",NA
"Survivor: Island of the Idols",39,7,"I Was Born at Night, But Not Last Night",19,"immunity",NA
"Survivor: Island of the Idols",39,8,"We Made It to the Merge!",22,"immunity",NA
"Survivor: Island of the Idols",39,8,"We Made It to the Merge!",24,"immunity",NA
"Survivor: Island of the Idols",39,9,"Two for the Price of One",27,"reward",NA
"Survivor: Island of the Idols",39,9,"Two for the Price of One",27,"immunity",NA
"Survivor: Island of the Idols",39,10,"Bring on the Bacon",30,"immunity",NA
"Survivor: Island of the Idols",39,11,"A Very Simple Plan",32,"reward",NA
"Survivor: Island of the Idols",39,11,"A Very Simple Plan",32,"immunity",NA
"Survivor: Island of the Idols",39,12,"Just Go For It",35,"reward",NA
"Survivor: Island of the Idols",39,12,"Just Go For It",35,"immunity",NA
"Survivor: Island of the Idols",39,13,"Mama, Look at Me Now",37,"reward",NA
"Survivor: Island of the Idols",39,13,"Mama, Look at Me Now",37,"immunity",NA
"Survivor: Island of the Idols",39,13,"Mama, Look at Me Now",38,"immunity",NA
"Survivor: Edge of Extinction",38,1,"It Smells Like Success",3,"reward",NA
"Survivor: Edge of Extinction",38,1,"It Smells Like Success",3,"immunity",NA
"Survivor: Edge of Extinction",38,2,"One of Us is Going to Win the War",6,"reward",NA
"Survivor: Edge of Extinction",38,2,"One of Us is Going to Win the War",6,"immunity",NA
"Survivor: Edge of Extinction",38,3,"Betrayals Are Going to Get Exposed",8,"reward",NA
"Survivor: Edge of Extinction",38,3,"Betrayals Are Going to Get Exposed",8,"immunity",NA
"Survivor: Edge of Extinction",38,4,"I Need a Dance Partner",11,"immunity",NA
"Survivor: Edge of Extinction",38,5,"It's Like the Worst Cocktail Party Ever",13,"reward",NA
"Survivor: Edge of Extinction",38,5,"It's Like the Worst Cocktail Party Ever",13,"immunity",NA
"Survivor: Edge of Extinction",38,5,"It's Like the Worst Cocktail Party Ever",16,"reward",NA
"Survivor: Edge of Extinction",38,5,"It's Like the Worst Cocktail Party Ever",16,"immunity",NA
"Survivor: Edge of Extinction",38,6,"There's Always a Twist",19,"reward",NA
"Survivor: Edge of Extinction",38,6,"There's Always a Twist",19,"immunity",NA
"Survivor: Edge of Extinction",38,7,"I'm the Puppet Master",22,"reward",NA
"Survivor: Edge of Extinction",38,7,"I'm the Puppet Master",22,"immunity",NA
"Survivor: Edge of Extinction",38,8,"Y'all Making Me Crazy",23,"immunity",NA
"Survivor: Edge of Extinction",38,9,"Blood of a Blindside",25,"immunity",NA
"Survivor: Edge of Extinction",38,9,"Blood of a Blindside",27,"reward",NA
"Survivor: Edge of Extinction",38,9,"Blood of a Blindside",27,"immunity",NA
"Survivor: Edge of Extinction",38,10,"Fasten Your Seatbelts",29,"reward",NA
"Survivor: Edge of Extinction",38,10,"Fasten Your Seatbelts",29,"immunity",NA
"Survivor: Edge of Extinction",38,11,"Awkward",31,"reward",NA
"Survivor: Edge of Extinction",38,11,"Awkward",31,"immunity",NA
"Survivor: Edge of Extinction",38,12,"Idol or Bust",34,"reward",NA
"Survivor: Edge of Extinction",38,12,"Idol or Bust",34,"immunity",NA
"Survivor: Edge of Extinction",38,13,"I See The Million Dollars",36,"reward",NA
"Survivor: Edge of Extinction",38,13,"I See The Million Dollars",36,"immunity",NA
"Survivor: Edge of Extinction",38,13,"I See The Million Dollars",37,"immunity",NA
"Survivor: Edge of Extinction",38,13,"I See The Million Dollars",38,"immunity",NA
"Survivor: David vs. Goliath",37,1,"Appearances are Deceiving",3,"reward",NA
"Survivor: David vs. Goliath",37,1,"Appearances are Deceiving",3,"immunity",NA
"Survivor: David vs. Goliath",37,2,"The Chicken Has Flown the Coop",6,"reward",NA
"Survivor: David vs. Goliath",37,2,"The Chicken Has Flown the Coop",6,"immunity",NA
"Survivor: David vs. Goliath",37,3,"I Am Goliath Strong",9,"reward",NA
"Survivor: David vs. Goliath",37,3,"I Am Goliath Strong",9,"immunity",NA
"Survivor: David vs. Goliath",37,4,"Time to Bring About the Charmpocalypse",11,"reward",NA
"Survivor: David vs. Goliath",37,4,"Time to Bring About the Charmpocalypse",11,"immunity",NA
"Survivor: David vs. Goliath",37,5,"Jackets and Eggs",15,"reward",NA
"Survivor: David vs. Goliath",37,5,"Jackets and Eggs",15,"immunity",NA
"Survivor: David vs. Goliath",37,6,"Aren't Brochachos Just Adorable?",17,"reward",NA
"Survivor: David vs. Goliath",37,6,"Aren't Brochachos Just Adorable?",17,"immunity",NA
"Survivor: David vs. Goliath",37,7,"There's Gonna Be Tears Shed",20,"immunity",NA
"Survivor: David vs. Goliath",37,8,"You Get What You Give",22,"reward",NA
"Survivor: David vs. Goliath",37,8,"You Get What You Give",22,"immunity",NA
"Survivor: David vs. Goliath",37,9,"Breadth-First Search",25,"reward",NA
"Survivor: David vs. Goliath",37,9,"Breadth-First Search",25,"immunity",NA
"Survivor: David vs. Goliath",37,10,"Tribal Lines Are Blurred",28,"reward",NA
"Survivor: David vs. Goliath",37,10,"Tribal Lines Are Blurred",28,"immunity",NA
"Survivor: David vs. Goliath",37,10,"Tribal Lines Are Blurred",30,"reward",NA
"Survivor: David vs. Goliath",37,10,"Tribal Lines Are Blurred",30,"immunity",NA
"Survivor: David vs. Goliath",37,11,"So Smart They're Dumb",32,"reward",NA
"Survivor: David vs. Goliath",37,11,"So Smart They're Dumb",32,"immunity",NA
"Survivor: David vs. Goliath",37,12,"Are You Feeling Lucky?",35,"reward",NA
"Survivor: David vs. Goliath",37,12,"Are You Feeling Lucky?",35,"immunity",NA
"Survivor: David vs. Goliath",37,13,"With Great Power Comes Great Responsibility",36,"reward",NA
"Survivor: David vs. Goliath",37,13,"With Great Power Comes Great Responsibility",36,"immunity",NA
"Survivor: David vs. Goliath",37,13,"With Great Power Comes Great Responsibility",37,"immunity",NA
"Survivor: David vs. Goliath",37,13,"With Great Power Comes Great Responsibility",38,"immunity",NA
"Survivor: Ghost Island",36,1,"Can You Reverse the Curse?",3,"reward",NA
"Survivor: Ghost Island",36,1,"Can You Reverse the Curse?",3,"immunity",NA
"Survivor: Ghost Island",36,1,"Can You Reverse the Curse?",6,"reward",NA
"Survivor: Ghost Island",36,1,"Can You Reverse the Curse?",6,"immunity",NA
"Survivor: Ghost Island",36,2,"Only Time Will Tell",9,"reward",NA
"Survivor: Ghost Island",36,2,"Only Time Will Tell",9,"immunity",NA
"Survivor: Ghost Island",36,3,"Trust Your Gut",12,"reward",NA
"Survivor: Ghost Island",36,3,"Trust Your Gut",12,"immunity",NA
"Survivor: Ghost Island",36,4,"A Diamond in the Rough",14,"reward",NA
"Survivor: Ghost Island",36,4,"A Diamond in the Rough",14,"immunity",NA
"Survivor: Ghost Island",36,5,"Fate is the Homie",17,"immunity",NA
"Survivor: Ghost Island",36,6,"Gotta Risk it For the Biscuit",19,"reward",NA
"Survivor: Ghost Island",36,6,"Gotta Risk it For the Biscuit",19,"immunity",NA
"Survivor: Ghost Island",36,7,"Fear Keeps You Sharp",22,"immunity",NA
"Survivor: Ghost Island",36,8,"The Sea Slug Slugger",25,"reward",NA
"Survivor: Ghost Island",36,8,"The Sea Slug Slugger",25,"immunity",NA
"Survivor: Ghost Island",36,9,"It's Like the Perfect Crime",27,"reward",NA
"Survivor: Ghost Island",36,9,"It's Like the Perfect Crime",27,"immunity",NA
"Survivor: Ghost Island",36,10,"The Finish Line Is in Sight",29,"immunity",NA
"Survivor: Ghost Island",36,11,"A Giant Game of Bumper Cars",32,"reward",NA
"Survivor: Ghost Island",36,11,"A Giant Game of Bumper Cars",32,"immunity",NA
"Survivor: Ghost Island",36,12,"Always Be Moving",35,"reward",NA
"Survivor: Ghost Island",36,12,"Always Be Moving",35,"immunity",NA
"Survivor: Ghost Island",36,13,"It is Game Time Kids",36,"reward",NA
"Survivor: Ghost Island",36,13,"It is Game Time Kids",36,"immunity",NA
"Survivor: Ghost Island",36,13,"It is Game Time Kids",37,"immunity",NA
"Survivor: Ghost Island",36,13,"It is Game Time Kids",38,"immunity",NA
"Survivor: Heroes vs. Healers vs. Hustlers",35,1,"I'm Not Crazy, I'm Confident",3,"reward",NA
"Survivor: Heroes vs. Healers vs. Hustlers",35,1,"I'm Not Crazy, I'm Confident",3,"immunity",NA
"Survivor: Heroes vs. Healers vs. Hustlers",35,2,"I'm a Wild Banshee",6,"reward",NA
"Survivor: Heroes vs. Healers vs. Hustlers",35,2,"I'm a Wild Banshee",6,"immunity",NA
"Survivor: Heroes vs. Healers vs. Hustlers",35,3,"My Kisses Are Very Private",8,"reward",NA
"Survivor: Heroes vs. Healers vs. Hustlers",35,3,"My Kisses Are Very Private",8,"immunity",NA
"Survivor: Heroes vs. Healers vs. Hustlers",35,4,"I Don't Like Having Snakes Around",11,"reward",NA
"Survivor: Heroes vs. Healers vs. Hustlers",35,4,"I Don't Like Having Snakes Around",11,"immunity",NA
"Survivor: Heroes vs. Healers vs. Hustlers",35,5,"The Past Will Eat You Alive",14,"reward",NA
"Survivor: Heroes vs. Healers vs. Hustlers",35,5,"The Past Will Eat You Alive",14,"immunity",NA
"Survivor: Heroes vs. Healers vs. Hustlers",35,6,"This is Why You Play Survivor",16,"reward",NA
"Survivor: Heroes vs. Healers vs. Hustlers",35,6,"This is Why You Play Survivor",16,"immunity",NA
"Survivor: Heroes vs. Healers vs. Hustlers",35,7,"Get to Gettin'",19,"immunity",NA
"Survivor: Heroes vs. Healers vs. Hustlers",35,8,"Playing with the Devil",21,"reward",NA
"Survivor: Heroes vs. Healers vs. Hustlers",35,8,"Playing with the Devil",21,"immunity",NA
"Survivor: Heroes vs. Healers vs. Hustlers",35,9,"Fear of the Unknown",24,"reward",NA
"Survivor: Heroes vs. Healers vs. Hustlers",35,9,"Fear of the Unknown",24,"immunity",NA
"Survivor: Heroes vs. Healers vs. Hustlers",35,10,"Buy One, Get One Free",27,"reward",NA
"Survivor: Heroes vs. Healers vs. Hustlers",35,10,"Buy One, Get One Free",27,"immunity",NA
"Survivor: Heroes vs. Healers vs. Hustlers",35,10,"Buy One, Get One Free",30,"reward",NA
"Survivor: Heroes vs. Healers vs. Hustlers",35,10,"Buy One, Get One Free",30,"immunity",NA
"Survivor: Heroes vs. Healers vs. Hustlers",35,11,"Not Going to Roll Over and Die",33,"reward",NA
"Survivor: Heroes vs. Healers vs. Hustlers",35,11,"Not Going to Roll Over and Die",33,"immunity",NA
"Survivor: Heroes vs. Healers vs. Hustlers",35,12,"The Survivor Devil",36,"reward",NA
"Survivor: Heroes vs. Healers vs. Hustlers",35,12,"The Survivor Devil",36,"immunity",NA
"Survivor: Heroes vs. Healers vs. Hustlers",35,13,"Million Dollar Night",37,"reward",NA
"Survivor: Heroes vs. Healers vs. Hustlers",35,13,"Million Dollar Night",37,"immunity",NA
"Survivor: Heroes vs. Healers vs. Hustlers",35,13,"Million Dollar Night",38,"immunity",NA
"Survivor: Game Changers",34,1,"The Stakes Have Been Raised",3,"reward",NA
"Survivor: Game Changers",34,1,"The Stakes Have Been Raised",3,"immunity",NA
"Survivor: Game Changers",34,1,"The Stakes Have Been Raised",6,"reward",NA
"Survivor: Game Changers",34,1,"The Stakes Have Been Raised",6,"immunity",NA
"Survivor: Game Changers",34,2,"Survivor Jackpot",9,"reward",NA
"Survivor: Game Changers",34,2,"Survivor Jackpot",9,"immunity",NA
"Survivor: Game Changers",34,3,"The Tables Have Turned",11,"reward",NA
"Survivor: Game Changers",34,3,"The Tables Have Turned",11,"immunity",NA
"Survivor: Game Changers",34,4,"Dirty Deed",13,"reward",NA
"Survivor: Game Changers",34,4,"Dirty Deed",13,"immunity",NA
"Survivor: Game Changers",34,5,"Vote Early, Vote Often",16,"immunity",NA
"Survivor: Game Changers",34,6,"What Happened on Exile, Stays on Exile",18,"reward",NA
"Survivor: Game Changers",34,6,"What Happened on Exile, Stays on Exile",18,"immunity",NA
"Survivor: Game Changers",34,7,"There's a New Sheriff in Town",21,"immunity",NA
"Survivor: Game Changers",34,7,"There's a New Sheriff in Town",24,"reward",NA
"Survivor: Game Changers",34,7,"There's a New Sheriff in Town",24,"immunity",NA
"Survivor: Game Changers",34,8,"A Line Drawn in Concrete",26,"reward",NA
"Survivor: Game Changers",34,8,"A Line Drawn in Concrete",26,"immunity",NA
"Survivor: Game Changers",34,9,"Reinventing How This Game Is Played",29,"reward",NA
"Survivor: Game Changers",34,9,"Reinventing How This Game Is Played",29,"immunity",NA
"Survivor: Game Changers",34,10,"It Is Not a High Without a Low",32,"reward",NA
"Survivor: Game Changers",34,10,"It Is Not a High Without a Low",32,"immunity",NA
"Survivor: Game Changers",34,11,"Parting Is Such Sweet Sorrow",33,"immunity",NA
"Survivor: Game Changers",34,11,"Parting Is Such Sweet Sorrow",35,"immunity",NA
"Survivor: Game Changers",34,12,"No Good Deed Goes Unpunished",36,"reward",NA
"Survivor: Game Changers",34,12,"No Good Deed Goes Unpunished",36,"immunity",NA
"Survivor: Game Changers",34,12,"No Good Deed Goes Unpunished",37,"immunity",NA
"Survivor: Game Changers",34,12,"No Good Deed Goes Unpunished",38,"immunity",NA
"Survivor: Millennials vs. Gen X",33,1,"May the Best Generation Win",4,"reward",NA
"Survivor: Millennials vs. Gen X",33,1,"May the Best Generation Win",4,"immunity",NA
"Survivor: Millennials vs. Gen X",33,2,"Love Goggles",7,"reward",NA
"Survivor: Millennials vs. Gen X",33,2,"Love Goggles",7,"immunity",NA
"Survivor: Millennials vs. Gen X",33,3,"Your Job is Recon",10,"reward",NA
"Survivor: Millennials vs. Gen X",33,3,"Your Job is Recon",10,"immunity",NA
"Survivor: Millennials vs. Gen X",33,4,"Who's the Sucker at the Table?",12,"reward",NA
"Survivor: Millennials vs. Gen X",33,4,"Who's the Sucker at the Table?",12,"immunity",NA
"Survivor: Millennials vs. Gen X",33,5,"Idol Search Party",15,"immunity",NA
"Survivor: Millennials vs. Gen X",33,6,"The Truth Works Well",18,"reward",NA
"Survivor: Millennials vs. Gen X",33,6,"The Truth Works Well",18,"immunity",NA
"Survivor: Millennials vs. Gen X",33,7,"I Will Destroy You",20,"reward",NA
"Survivor: Millennials vs. Gen X",33,7,"I Will Destroy You",20,"immunity",NA
"Survivor: Millennials vs. Gen X",33,8,"I'm the Kingpin",23,"immunity",NA
"Survivor: Millennials vs. Gen X",33,9,"Still Throwin' Punches",25,"reward",NA
"Survivor: Millennials vs. Gen X",33,9,"Still Throwin' Punches",25,"immunity",NA
"Survivor: Millennials vs. Gen X",33,10,"Million Dollar Gamble",28,"reward",NA
"Survivor: Millennials vs. Gen X",33,10,"Million Dollar Gamble",28,"immunity",NA
"Survivor: Millennials vs. Gen X",33,10,"Million Dollar Gamble",30,"reward",NA
"Survivor: Millennials vs. Gen X",33,10,"Million Dollar Gamble",30,"immunity",NA
"Survivor: Millennials vs. Gen X",33,11,"About to Have a Rumble",33,"reward",NA
"Survivor: Millennials vs. Gen X",33,11,"About to Have a Rumble",33,"immunity",NA
"Survivor: Millennials vs. Gen X",33,12,"Slayed the Survivor Dragon",34,"immunity",NA
"Survivor: Millennials vs. Gen X",33,12,"Slayed the Survivor Dragon",35,"immunity",NA
"Survivor: Millennials vs. Gen X",33,13,"I'm Going for a Million Bucks",36,"reward",NA
"Survivor: Millennials vs. Gen X",33,13,"I'm Going for a Million Bucks",36,"immunity",NA
"Survivor: Millennials vs. Gen X",33,13,"I'm Going for a Million Bucks",37,"immunity",NA
"Survivor: Millennials vs. Gen X",33,13,"I'm Going for a Million Bucks",38,"immunity",NA
"Survivor: Kaoh Rong",32,1,"I'm a Mental Giant",3,"reward",NA
"Survivor: Kaoh Rong",32,1,"I'm a Mental Giant",3,"immunity",NA
"Survivor: Kaoh Rong",32,2,"Kindergarten Camp",6,"reward",NA
"Survivor: Kaoh Rong",32,2,"Kindergarten Camp",6,"immunity",NA
"Survivor: Kaoh Rong",32,3,"The Circle of Life",8,"reward",NA
"Survivor: Kaoh Rong",32,3,"The Circle of Life",8,"immunity",NA
"Survivor: Kaoh Rong",32,4,"Signed, Sealed and Delivered",9,"reward",NA
"Survivor: Kaoh Rong",32,4,"Signed, Sealed and Delivered",9,"immunity",NA
"Survivor: Kaoh Rong",32,4,"Signed, Sealed and Delivered",11,"reward",NA
"Survivor: Kaoh Rong",32,4,"Signed, Sealed and Delivered",11,"immunity",NA
"Survivor: Kaoh Rong",32,5,"The Devils We Know",13,"immunity",NA
"Survivor: Kaoh Rong",32,6,"Play or Go Home",16,"reward",NA
"Survivor: Kaoh Rong",32,6,"Play or Go Home",16,"immunity",NA
"Survivor: Kaoh Rong",32,7,"It's Merge Time",19,"immunity",NA
"Survivor: Kaoh Rong",32,8,"The Jocks vs. the Pretty People",22,"reward",NA
"Survivor: Kaoh Rong",32,8,"The Jocks vs. the Pretty People",22,"immunity",NA
"Survivor: Kaoh Rong",32,9,"It's Psychological Warfare",24,"reward",NA
"Survivor: Kaoh Rong",32,9,"It's Psychological Warfare",24,"immunity",NA
"Survivor: Kaoh Rong",32,10,"I'm Not Here to Make Good Friends",27,"reward",NA
"Survivor: Kaoh Rong",32,10,"I'm Not Here to Make Good Friends",27,"immunity",NA
"Survivor: Kaoh Rong",32,11,"It's a Me Game, Not a We Game",29,"reward",NA
"Survivor: Kaoh Rong",32,11,"It's a Me Game, Not a We Game",29,"immunity",NA
"Survivor: Kaoh Rong",32,12,"Now's the Time to Start Scheming",32,"reward",NA
"Survivor: Kaoh Rong",32,12,"Now's the Time to Start Scheming",32,"immunity",NA
"Survivor: Kaoh Rong",32,13,"With Me or Not With Me",34,"reward",NA
"Survivor: Kaoh Rong",32,14,"Not Going Down Without a Fight",37,"reward",NA
"Survivor: Kaoh Rong",32,14,"Not Going Down Without a Fight",37,"immunity",NA
"Survivor: Kaoh Rong",32,14,"Not Going Down Without a Fight",38,"reward",NA
"Survivor: Cambodia",31,1,"Second Chance",3,"reward",NA
"Survivor: Cambodia",31,1,"Second Chance",3,"immunity",NA
"Survivor: Cambodia",31,2,"Survivor MacGyver",6,"reward",NA
"Survivor: Cambodia",31,2,"Survivor MacGyver",6,"immunity",NA
"Survivor: Cambodia",31,3,"We Got a Rat",9,"immunity",NA
"Survivor: Cambodia",31,4,"What's the Beef?",11,"reward",NA
"Survivor: Cambodia",31,4,"What's the Beef?",11,"immunity",NA
"Survivor: Cambodia",31,5,"A Snake in the Grass",13,"reward",NA
"Survivor: Cambodia",31,5,"A Snake in the Grass",13,"immunity",NA
"Survivor: Cambodia",31,6,"Bunking with the Devil",13,"reward",NA
"Survivor: Cambodia",31,6,"Bunking with the Devil",13,"immunity",NA
"Survivor: Cambodia",31,6,"Bunking with the Devil",16,"reward",NA
"Survivor: Cambodia",31,6,"Bunking with the Devil",16,"immunity",NA
"Survivor: Cambodia",31,7,"Play to Win",19,"immunity",NA
"Survivor: Cambodia",31,8,"You Call, We'll Haul",21,"reward",NA
"Survivor: Cambodia",31,8,"You Call, We'll Haul",21,"immunity",NA
"Survivor: Cambodia",31,9,"Witches Coven",24,"reward",NA
"Survivor: Cambodia",31,9,"Witches Coven",24,"immunity",NA
"Survivor: Cambodia",31,10,"Like Selling Your Soul to the Devil",26,"reward",NA
"Survivor: Cambodia",31,10,"Like Selling Your Soul to the Devil",26,"immunity",NA
"Survivor: Cambodia",31,11,"My Wheels Are Spinning",29,"reward",NA
"Survivor: Cambodia",31,11,"My Wheels Are Spinning",29,"immunity",NA
"Survivor: Cambodia",31,12,"Tiny Little Shanks to the Heart",32,"reward",NA
"Survivor: Cambodia",31,12,"Tiny Little Shanks to the Heart",32,"immunity",NA
"Survivor: Cambodia",31,13,"Villains Have More Fun",35,"reward",NA
"Survivor: Cambodia",31,13,"Villains Have More Fun",35,"immunity",NA
"Survivor: Cambodia",31,14,"Lie, Cheat and Steal",36,"immunity",NA
"Survivor: Cambodia",31,14,"Lie, Cheat and Steal",37,"immunity",NA
"Survivor: Cambodia",31,14,"Lie, Cheat and Steal",38,"immunity",NA
"Survivor: Worlds Apart",30,1,"It's Survivor Warfare",3,"reward",NA
"Survivor: Worlds Apart",30,1,"It's Survivor Warfare",3,"immunity",NA
"Survivor: Worlds Apart",30,2,"It Will Be My Revenge",6,"reward",NA
"Survivor: Worlds Apart",30,2,"It Will Be My Revenge",6,"immunity",NA
"Survivor: Worlds Apart",30,3,"Crazy is as Crazy Does",8,"reward",NA
"Survivor: Worlds Apart",30,3,"Crazy is as Crazy Does",8,"immunity",NA
"Survivor: Worlds Apart",30,4,"Winner Winner, Chicken Dinner",11,"reward",NA
"Survivor: Worlds Apart",30,4,"Winner Winner, Chicken Dinner",11,"immunity",NA
"Survivor: Worlds Apart",30,5,"We're Finally Playing Some Survivor",14,"reward",NA
"Survivor: Worlds Apart",30,5,"We're Finally Playing Some Survivor",14,"immunity",NA
"Survivor: Worlds Apart",30,6,"Odd Woman Out",16,"reward",NA
"Survivor: Worlds Apart",30,6,"Odd Woman Out",16,"immunity",NA
"Survivor: Worlds Apart",30,7,"The Line Will Be Drawn Tonight",19,"immunity",NA
"Survivor: Worlds Apart",30,8,"Keep It Real",22,"reward",NA
"Survivor: Worlds Apart",30,8,"Keep It Real",22,"immunity",NA
"Survivor: Worlds Apart",30,9,"Livin' On the Edge",24,"reward",NA
"Survivor: Worlds Apart",30,9,"Livin' On the Edge",24,"immunity",NA
"Survivor: Worlds Apart",30,10,"Bring the Popcorn",27,"reward","SurvivorAuction"
"Survivor: Worlds Apart",30,10,"Bring the Popcorn",27,"immunity",NA
"Survivor: Worlds Apart",30,11,"Survivor Russian Roulette",29,"reward",NA
"Survivor: Worlds Apart",30,11,"Survivor Russian Roulette",29,"immunity",NA
"Survivor: Worlds Apart",30,12,"Holding on for Dear Life",32,"reward",NA
"Survivor: Worlds Apart",30,12,"Holding on for Dear Life",32,"immunity",NA
"Survivor: Worlds Apart",30,13,"My Word Is My Bond",35,"reward",NA
"Survivor: Worlds Apart",30,13,"My Word Is My Bond",35,"immunity",NA
"Survivor: Worlds Apart",30,14,"It's A Fickle, Fickle Game",37,"reward",NA
"Survivor: Worlds Apart",30,14,"It's A Fickle, Fickle Game",37,"immunity",NA
"Survivor: Worlds Apart",30,14,"It's A Fickle, Fickle Game",38,"immunity",NA
"Survivor: San Juan del Sur",29,1,"Suck It Up and Survive",3,"reward",NA
"Survivor: San Juan del Sur",29,1,"Suck It Up and Survive",3,"immunity",NA
"Survivor: San Juan del Sur",29,2,"Method To This Madness",6,"reward",NA
"Survivor: San Juan del Sur",29,2,"Method To This Madness",6,"immunity",NA
"Survivor: San Juan del Sur",29,3,"Actions vs. Accusations",8,"reward",NA
"Survivor: San Juan del Sur",29,3,"Actions vs. Accusations",8,"immunity",NA
"Survivor: San Juan del Sur",29,4,"We're a Hot Mess",10,"reward",NA
"Survivor: San Juan del Sur",29,4,"We're a Hot Mess",10,"immunity",NA
"Survivor: San Juan del Sur",29,5,"Blood is Blood",13,"immunity",NA
"Survivor: San Juan del Sur",29,6,"Make Some Magic Happen",15,"reward",NA
"Survivor: San Juan del Sur",29,6,"Make Some Magic Happen",15,"immunity",NA
"Survivor: San Juan del Sur",29,7,"Million Dollar Decision",18,"immunity",NA
"Survivor: San Juan del Sur",29,8,"Wrinkle In the Plan",21,"reward",NA
"Survivor: San Juan del Sur",29,8,"Wrinkle In the Plan",21,"immunity",NA
"Survivor: San Juan del Sur",29,9,"Gettin' to Crunch Time",24,"reward",NA
"Survivor: San Juan del Sur",29,9,"Gettin' to Crunch Time",24,"immunity",NA
"Survivor: San Juan del Sur",29,10,"This Is Where We Build Trust",26,"reward",NA
"Survivor: San Juan del Sur",29,10,"This Is Where We Build Trust",26,"immunity",NA
"Survivor: San Juan del Sur",29,11,"Kind Of Like Cream Cheese",29,"reward",NA
"Survivor: San Juan del Sur",29,11,"Kind Of Like Cream Cheese",29,"immunity",NA
"Survivor: San Juan del Sur",29,12,"Still Holdin' On",32,"reward",NA
"Survivor: San Juan del Sur",29,12,"Still Holdin' On",32,"immunity",NA
"Survivor: San Juan del Sur",29,13,"Let's Make a Move",35,"reward",NA
"Survivor: San Juan del Sur",29,13,"Let's Make a Move",35,"immunity",NA
"Survivor: San Juan del Sur",29,14,"This Is My Time",37,"reward",NA
"Survivor: San Juan del Sur",29,14,"This Is My Time",37,"immunity",NA
"Survivor: San Juan del Sur",29,14,"This Is My Time",38,"immunity",NA
"Survivor: Cagayan",28,1,"Hot Girl With a Grudge",3,"reward",NA
"Survivor: Cagayan",28,1,"Hot Girl With a Grudge",3,"immunity",NA
"Survivor: Cagayan",28,1,"Hot Girl With a Grudge",6,"reward",NA
"Survivor: Cagayan",28,1,"Hot Girl With a Grudge",6,"immunity",NA
"Survivor: Cagayan",28,2,"Cops-R-Us",8,"reward",NA
"Survivor: Cagayan",28,2,"Cops-R-Us",8,"immunity",NA
"Survivor: Cagayan",28,3,"Our Time to Shine",11,"reward",NA
"Survivor: Cagayan",28,3,"Our Time to Shine",11,"immunity",NA
"Survivor: Cagayan",28,4,"Odd One Out",14,"reward",NA
"Survivor: Cagayan",28,4,"Odd One Out",14,"immunity",NA
"Survivor: Cagayan",28,5,"We Found Our Zombies",14,"reward",NA
"Survivor: Cagayan",28,5,"We Found Our Zombies",14,"immunity",NA
"Survivor: Cagayan",28,5,"We Found Our Zombies",16,"reward",NA
"Survivor: Cagayan",28,5,"We Found Our Zombies",16,"immunity",NA
"Survivor: Cagayan",28,6,"Head of the Snake",19,"immunity",NA
"Survivor: Cagayan",28,7,"Mad Treasure Hunt",22,"reward",NA
"Survivor: Cagayan",28,7,"Mad Treasure Hunt",22,"immunity",NA
"Survivor: Cagayan",28,8,"Bag of Tricks",25,"reward",NA
"Survivor: Cagayan",28,8,"Bag of Tricks",25,"immunity",NA
"Survivor: Cagayan",28,9,"Sitting In My Spy Shack",28,"reward",NA
"Survivor: Cagayan",28,9,"Sitting In My Spy Shack",28,"immunity",NA
"Survivor: Cagayan",28,10,"Chaos Is My Friend",30,"reward","SurvivorAuction"
"Survivor: Cagayan",28,10,"Chaos Is My Friend",30,"immunity",NA
"Survivor: Cagayan",28,11,"Havoc to Wreak",33,"reward",NA
"Survivor: Cagayan",28,11,"Havoc to Wreak",33,"immunity",NA
"Survivor: Cagayan",28,12,"Straw That Broke The Camel's Back",36,"reward",NA
"Survivor: Cagayan",28,12,"Straw That Broke The Camel's Back",36,"immunity",NA
"Survivor: Cagayan",28,13,"It's Do or Die",37,"immunity",NA
"Survivor: Blood vs. Water",27,1,"Blood Is Thicker Than Anything",3,"reward",NA
"Survivor: Blood vs. Water",27,1,"Blood Is Thicker Than Anything",3,"immunity",NA
"Survivor: Blood vs. Water",27,2,"Rule In Chaos",6,"reward",NA
"Survivor: Blood vs. Water",27,2,"Rule In Chaos",6,"immunity",NA
"Survivor: Blood vs. Water",27,3,"Opening Pandora's Box",7,"reward",NA
"Survivor: Blood vs. Water",27,3,"Opening Pandora's Box",7,"immunity",NA
"Survivor: Blood vs. Water",27,3,"Opening Pandora's Box",8,"reward",NA
"Survivor: Blood vs. Water",27,3,"Opening Pandora's Box",8,"immunity",NA
"Survivor: Blood vs. Water",27,4,"One Armed Dude and Three Moms",10,"reward",NA
"Survivor: Blood vs. Water",27,4,"One Armed Dude and Three Moms",10,"immunity",NA
"Survivor: Blood vs. Water",27,5,"The Dead Can Still Talk",13,"reward",NA
"Survivor: Blood vs. Water",27,5,"The Dead Can Still Talk",13,"immunity",NA
"Survivor: Blood vs. Water",27,6,"One-Man Wrecking Ball",16,"reward",NA
"Survivor: Blood vs. Water",27,6,"One-Man Wrecking Ball",16,"immunity",NA
"Survivor: Blood vs. Water",27,7,"Swoop In For The Kill",18,"reward",NA
"Survivor: Blood vs. Water",27,7,"Swoop In For The Kill",18,"immunity",NA
"Survivor: Blood vs. Water",27,8,"Skin of My Teeth",21,"immunity",NA
"Survivor: Blood vs. Water",27,9,"My Brother's Keeper",22,"immunity",NA
"Survivor: Blood vs. Water",27,9,"My Brother's Keeper",24,"immunity",NA
"Survivor: Blood vs. Water",27,10,"Big Bad Wolf",26,"reward",NA
"Survivor: Blood vs. Water",27,10,"Big Bad Wolf",26,"immunity",NA
"Survivor: Blood vs. Water",27,11,"Gloves Come Off",29,"immunity",NA
"Survivor: Blood vs. Water",27,12,"Rustle Feathers",32,"reward",NA
"Survivor: Blood vs. Water",27,12,"Rustle Feathers",32,"immunity",NA
"Survivor: Blood vs. Water",27,13,"Out On a Limb",35,"reward",NA
"Survivor: Blood vs. Water",27,13,"Out On a Limb",35,"immunity",NA
"Survivor: Blood vs. Water",27,14,"It's My Night",37,"immunity",NA
"Survivor: Blood vs. Water",27,14,"It's My Night",38,"immunity",NA
"Survivor: Caramoan",26,1,"She Annoys Me Greatly",3,"reward",NA
"Survivor: Caramoan",26,1,"She Annoys Me Greatly",3,"immunity",NA
"Survivor: Caramoan",26,2,"Honey Badger",5,"reward",NA
"Survivor: Caramoan",26,2,"Honey Badger",5,"immunity",NA
"Survivor: Caramoan",26,3,"There's Gonna Be Hell to Pay",7,"reward",NA
"Survivor: Caramoan",26,3,"There's Gonna Be Hell to Pay",7,"immunity",NA
"Survivor: Caramoan",26,4,"Kill or Be Killed",10,"reward",NA
"Survivor: Caramoan",26,4,"Kill or Be Killed",10,"immunity",NA
"Survivor: Caramoan",26,5,"Persona Non Grata",13,"reward",NA
"Survivor: Caramoan",26,5,"Persona Non Grata",13,"immunity",NA
"Survivor: Caramoan",26,6,"Operation Thunder Dome",16,"immunity",NA
"Survivor: Caramoan",26,7,"Tubby Lunchbox",19,"reward",NA
"Survivor: Caramoan",26,7,"Tubby Lunchbox",19,"immunity",NA
"Survivor: Caramoan",26,8,"Blindside Time",22,"immunity",NA
"Survivor: Caramoan",26,9,"Cut Off the Head of the Snake",25,"reward",NA
"Survivor: Caramoan",26,9,"Cut Off the Head of the Snake",25,"immunity",NA
"Survivor: Caramoan",26,10,"Zipping Over the Cuckoo’s Nest",28,"reward",NA
"Survivor: Caramoan",26,10,"Zipping Over the Cuckoo’s Nest",28,"immunity",NA
"Survivor: Caramoan",26,11,"Come Over to the Dark Side",30,"reward","SurvivorAuction"
"Survivor: Caramoan",26,11,"Come Over to the Dark Side",30,"immunity",NA
"Survivor: Caramoan",26,12,"The Beginning of the End",31,"reward",NA
"Survivor: Caramoan",26,12,"The Beginning of the End",31,"immunity",NA
"Survivor: Caramoan",26,12,"The Beginning of the End",33,"immunity",NA
"Survivor: Caramoan",26,13,"Don't Say Anything About My Mom",36,"reward",NA
"Survivor: Caramoan",26,13,"Don't Say Anything About My Mom",36,"immunity",NA
"Survivor: Caramoan",26,14,"Last Push",36,"reward",NA
"Survivor: Caramoan",26,14,"Last Push",36,"immunity",NA
"Survivor: Caramoan",26,14,"Last Push",38,"reward",NA
"Survivor: Caramoan",26,14,"Last Push",38,"immunity",NA
"Survivor: Philippines",25,1,"Survivor Smacked Me in the Chops",3,"reward",NA
"Survivor: Philippines",25,1,"Survivor Smacked Me in the Chops",3,"immunity",NA
"Survivor: Philippines",25,2,"Don't be Blinded by the Headlights",6,"reward",NA
"Survivor: Philippines",25,2,"Don't be Blinded by the Headlights",6,"immunity",NA
"Survivor: Philippines",25,3,"This Isn't a 'We' Game",8,"reward",NA
"Survivor: Philippines",25,3,"This Isn't a 'We' Game",8,"immunity",NA
"Survivor: Philippines",25,4,"Create a Little Chaos",10,"reward",NA
"Survivor: Philippines",25,4,"Create a Little Chaos",10,"immunity",NA
"Survivor: Philippines",25,5,"Got My Swag Back",12,"reward",NA
"Survivor: Philippines",25,5,"Got My Swag Back",12,"immunity",NA
"Survivor: Philippines",25,5,"Got My Swag Back",13,"reward",NA
"Survivor: Philippines",25,5,"Got My Swag Back",13,"immunity",NA
"Survivor: Philippines",25,6,"Down and Dirty",16,"reward",NA
"Survivor: Philippines",25,6,"Down and Dirty",16,"immunity",NA
"Survivor: Philippines",25,7,"Not the Only Actor on This Island",19,"immunity",NA
"Survivor: Philippines",25,8,"Dead Man Walking",22,"reward",NA
"Survivor: Philippines",25,8,"Dead Man Walking",22,"immunity",NA
"Survivor: Philippines",25,9,"Little Miss Perfect",25,"reward",NA
"Survivor: Philippines",25,9,"Little Miss Perfect",25,"immunity",NA
"Survivor: Philippines",25,10,"Whiners are Wieners",27,"reward",NA
"Survivor: Philippines",25,10,"Whiners are Wieners",27,"immunity",NA
"Survivor: Philippines",25,11,"Hell Hath Frozen Over",30,"reward","SurvivorAuction"
"Survivor: Philippines",25,11,"Hell Hath Frozen Over",30,"immunity",NA
"Survivor: Philippines",25,12,"Shot Into Smithereens",33,"reward",NA
"Survivor: Philippines",25,12,"Shot Into Smithereens",33,"immunity",NA
"Survivor: Philippines",25,13,"Gouge My Eyes Out",36,"reward",NA
"Survivor: Philippines",25,13,"Gouge My Eyes Out",36,"immunity",NA
"Survivor: Philippines",25,14,"Million Dollar Question",38,"reward",NA
"Survivor: Philippines",25,14,"Million Dollar Question",38,"immunity",NA
"Survivor: One World",24,1,"Two Tribes, One Camp, No Rules",3,"reward",NA
"Survivor: One World",24,1,"Two Tribes, One Camp, No Rules",3,"immunity",NA
"Survivor: One World",24,2,"Total Dysfunction",5,"reward",NA
"Survivor: One World",24,2,"Total Dysfunction",5,"immunity",NA
"Survivor: One World",24,3,"One World is Out the Window",8,"reward",NA
"Survivor: One World",24,3,"One World is Out the Window",8,"immunity",NA
"Survivor: One World",24,4,"Bum-Puzzled",11,"reward",NA
"Survivor: One World",24,4,"Bum-Puzzled",11,"immunity",NA
"Survivor: One World",24,5,"A Bunch of Idiots",14,"reward",NA
"Survivor: One World",24,5,"A Bunch of Idiots",14,"immunity",NA
"Survivor: One World",24,6,"Thanks for the Souvenir",16,"reward",NA
"Survivor: One World",24,7,"The Beauty in a Merge",20,"reward",NA
"Survivor: One World",24,7,"The Beauty in a Merge",20,"immunity",NA
"Survivor: One World",24,8,"Just Annihilate Them",22,"reward",NA
"Survivor: One World",24,8,"Just Annihilate Them",22,"immunity",NA
"Survivor: One World",24,9,"Go Out With a Bang",25,"reward",NA
"Survivor: One World",24,9,"Go Out With a Bang",25,"immunity",NA
"Survivor: One World",24,10,"I'm No Dummy",27,"reward","SurvivorAuction"
"Survivor: One World",24,10,"I'm No Dummy",27,"immunity",NA
"Survivor: One World",24,11,"Never Say Die",30,"reward",NA
"Survivor: One World",24,11,"Never Say Die",30,"immunity",NA
"Survivor: One World",24,12,"It's Gonna Be Chaos",33,"reward",NA
"Survivor: One World",24,12,"It's Gonna Be Chaos",33,"immunity",NA
"Survivor: One World",24,13,"It's Human Nature",36,"reward",NA
"Survivor: One World",24,13,"It's Human Nature",36,"immunity",NA
"Survivor: One World",24,14,"Perception is Not Always Reality",37,"immunity",NA
"Survivor: One World",24,14,"Perception is Not Always Reality",38,"immunity",NA
"Survivor: South Pacific",23,1,"I Need Redemption",3,"reward",NA
"Survivor: South Pacific",23,1,"I Need Redemption",3,"immunity",NA
"Survivor: South Pacific",23,2,"He Has Demons",5,"reward",NA
"Survivor: South Pacific",23,2,"He Has Demons",5,"immunity",NA
"Survivor: South Pacific",23,3,"Reap What You Sow",8,"reward",NA
"Survivor: South Pacific",23,3,"Reap What You Sow",8,"immunity",NA
"Survivor: South Pacific",23,4,"Survivalism",11,"reward",NA
"Survivor: South Pacific",23,4,"Survivalism",11,"immunity",NA
"Survivor: South Pacific",23,5,"Taste the Victory",14,"reward",NA
"Survivor: South Pacific",23,5,"Taste the Victory",14,"immunity",NA
"Survivor: South Pacific",23,6,"Free Agent",16,"reward",NA
"Survivor: South Pacific",23,6,"Free Agent",16,"immunity",NA
"Survivor: South Pacific",23,7,"Trojan Horse",18,"reward",NA
"Survivor: South Pacific",23,7,"Trojan Horse",18,"immunity",NA
"Survivor: South Pacific",23,8,"Double Agent",21,"immunity",NA
"Survivor: South Pacific",23,9,"Cut Throat",22,"immunity",NA
"Survivor: South Pacific",23,9,"Cut Throat",24,"immunity",NA
"Survivor: South Pacific",23,10,"Running the Show",27,"immunity",NA
"Survivor: South Pacific",23,12,"Cult Like",30,"reward",NA
"Survivor: South Pacific",23,12,"Cult Like",30,"immunity",NA
"Survivor: South Pacific",23,13,"Ticking Time Bomb",32,"immunity",NA
"Survivor: South Pacific",23,14,"Then There Were Five",35,"reward",NA
"Survivor: South Pacific",23,14,"Then There Were Five",35,"immunity",NA
"Survivor: South Pacific",23,15,"Loyalties Will Be Broken",37,"immunity",NA
"Survivor: South Pacific",23,15,"Loyalties Will Be Broken",38,"immunity",NA
"Survivor: Redemption Island",22,1,"You're Looking at the New Leader of Your Tribe",3,"immunity",NA
"Survivor: Redemption Island",22,2,"You Own My Vote",5,"immunity",NA
"Survivor: Redemption Island",22,3,"Keep Hope Alive",8,"reward",NA
"Survivor: Redemption Island",22,3,"Keep Hope Alive",8,"immunity",NA
"Survivor: Redemption Island",22,4,"Don't You Work for Me?",11,"reward",NA
"Survivor: Redemption Island",22,4,"Don't You Work for Me?",11,"immunity",NA
"Survivor: Redemption Island",22,5,"We Hate Our Tribe",13,"reward",NA
"Survivor: Redemption Island",22,5,"We Hate Our Tribe",13,"immunity",NA
"Survivor: Redemption Island",22,6,"Their Red-Headed Step Child",16,"reward",NA
"Survivor: Redemption Island",22,6,"Their Red-Headed Step Child",16,"immunity",NA
"Survivor: Redemption Island",22,7,"It Don't Take a Smart One",18,"reward",NA
"Survivor: Redemption Island",22,7,"It Don't Take a Smart One",18,"immunity",NA
"Survivor: Redemption Island",22,8,"This Game Respects Big Moves",21,"reward",NA
"Survivor: Redemption Island",22,8,"This Game Respects Big Moves",21,"immunity",NA
"Survivor: Redemption Island",22,9,"The Buddy System",22,"immunity",NA
"Survivor: Redemption Island",22,9,"The Buddy System",24,"immunity",NA
"Survivor: Redemption Island",22,10,"Rice Wars",27,"reward",NA
"Survivor: Redemption Island",22,10,"Rice Wars",27,"immunity",NA
"Survivor: Redemption Island",22,11,"A Mystery Package",30,"reward",NA
"Survivor: Redemption Island",22,11,"A Mystery Package",30,"immunity",NA
"Survivor: Redemption Island",22,12,"You Mangled My Nets",32,"reward",NA
"Survivor: Redemption Island",22,12,"You Mangled My Nets",32,"immunity",NA
"Survivor: Redemption Island",22,13,"Too Close For Comfort",35,"reward",NA
"Survivor: Redemption Island",22,13,"Too Close For Comfort",35,"immunity",NA
"Survivor: Redemption Island",22,14,"Seems Like a No Brainer",37,"reward",NA
"Survivor: Redemption Island",22,14,"Seems Like a No Brainer",37,"immunity",NA
"Survivor: Redemption Island",22,14,"Seems Like a No Brainer",38,"immunity",NA
"Survivor: Nicaragua",21,1,"Young at Heart",3,"reward",NA
"Survivor: Nicaragua",21,1,"Young at Heart",3,"immunity",NA
"Survivor: Nicaragua",21,2,"Fatigue Makes Cowards of Us All",6,"reward",NA
"Survivor: Nicaragua",21,2,"Fatigue Makes Cowards of Us All",6,"immunity",NA
"Survivor: Nicaragua",21,3,"Glitter in Their Eyes",8,"reward",NA
"Survivor: Nicaragua",21,3,"Glitter in Their Eyes",8,"immunity",NA
"Survivor: Nicaragua",21,4,"Pulling the Trigger",11,"reward",NA
"Survivor: Nicaragua",21,4,"Pulling the Trigger",11,"immunity",NA
"Survivor: Nicaragua",21,5,"Turf Wars",14,"reward",NA
"Survivor: Nicaragua",21,5,"Turf Wars",14,"immunity",NA
"Survivor: Nicaragua",21,6,"Worst Case Scenario",15,"reward",NA
"Survivor: Nicaragua",21,6,"Worst Case Scenario",15,"immunity",NA
"Survivor: Nicaragua",21,7,"What Goes Around, Comes Around",18,"reward",NA
"Survivor: Nicaragua",21,7,"What Goes Around, Comes Around",18,"immunity",NA
"Survivor: Nicaragua",21,8,"Company Will Be Arriving Soon",22,"immunity",NA
"Survivor: Nicaragua",21,9,"Running the Camp",24,"reward",NA
"Survivor: Nicaragua",21,9,"Running the Camp",24,"immunity",NA
"Survivor: Nicaragua",21,10,"Stuck in the Middle",27,"reward",NA
"Survivor: Nicaragua",21,10,"Stuck in the Middle",27,"immunity",NA
"Survivor: Nicaragua",21,12,"You Started, You're Finishing",28,"reward",NA
"Survivor: Nicaragua",21,13,"Not Sure Where I Stand",32,"reward",NA
"Survivor: Nicaragua",21,13,"Not Sure Where I Stand",32,"immunity",NA
"Survivor: Nicaragua",21,14,"This is Going to Hurt",36,"reward",NA
"Survivor: Nicaragua",21,14,"This is Going to Hurt",36,"immunity",NA
"Survivor: Nicaragua",21,15,"What About Me?",37,"immunity",NA
"Survivor: Nicaragua",21,15,"What About Me?",38,"immunity",NA
"Survivor: Heroes vs. Villains",20,1,"Slay Everyone, Trust No One",3,"reward",NA
"Survivor: Heroes vs. Villains",20,1,"Slay Everyone, Trust No One",3,"immunity",NA
"Survivor: Heroes vs. Villains",20,2,"It's Getting the Best of Me",6,"reward",NA
"Survivor: Heroes vs. Villains",20,2,"It's Getting the Best of Me",6,"immunity",NA
"Survivor: Heroes vs. Villains",20,3,"That Girl is Like a Virus",8,"reward",NA
"Survivor: Heroes vs. Villains",20,3,"That Girl is Like a Virus",8,"immunity",NA
"Survivor: Heroes vs. Villains",20,4,"Tonight, We Make Our Move",11,"reward",NA
"Survivor: Heroes vs. Villains",20,4,"Tonight, We Make Our Move",11,"immunity",NA
"Survivor: Heroes vs. Villains",20,5,"Knights of the Round Table",14,"reward",NA
"Survivor: Heroes vs. Villains",20,5,"Knights of the Round Table",14,"immunity",NA
"Survivor: Heroes vs. Villains",20,6,"Banana Etiquette",15,"reward",NA
"Survivor: Heroes vs. Villains",20,6,"Banana Etiquette",15,"immunity",NA
"Survivor: Heroes vs. Villains",20,7,"I'm Not a Good Villain",18,"reward",NA
"Survivor: Heroes vs. Villains",20,7,"I'm Not a Good Villain",18,"immunity",NA
"Survivor: Heroes vs. Villains",20,8,"Expectations",21,"reward",NA
"Survivor: Heroes vs. Villains",20,8,"Expectations",21,"immunity",NA
"Survivor: Heroes vs. Villains",20,9,"Survivor History",24,"reward",NA
"Survivor: Heroes vs. Villains",20,9,"Survivor History",24,"immunity",NA
"Survivor: Heroes vs. Villains",20,10,"Going Down in Flames",27,"immunity",NA
"Survivor: Heroes vs. Villains",20,11,"Jumping Ship",30,"reward",NA
"Survivor: Heroes vs. Villains",20,11,"Jumping Ship",30,"immunity",NA
"Survivor: Heroes vs. Villains",20,12,"A Sinking Ship",31,"immunity",NA
"Survivor: Heroes vs. Villains",20,12,"A Sinking Ship",33,"immunity",NA
"Survivor: Heroes vs. Villains",20,13,"Loose Lips Sink Ships",36,"reward",NA
"Survivor: Heroes vs. Villains",20,13,"Loose Lips Sink Ships",36,"immunity",NA
"Survivor: Heroes vs. Villains",20,14,"Anything Could Happen",37,"immunity",NA
"Survivor: Heroes vs. Villains",20,14,"Anything Could Happen",38,"immunity",NA
"Survivor: Samoa",19,1,"The Puppet Master",3,"reward",NA
"Survivor: Samoa",19,1,"The Puppet Master",3,"immunity",NA
"Survivor: Samoa",19,2,"Taking Candy From a Baby",5,"reward",NA
"Survivor: Samoa",19,2,"Taking Candy From a Baby",5,"immunity",NA
"Survivor: Samoa",19,2,"Taking Candy From a Baby",6,"reward",NA
"Survivor: Samoa",19,2,"Taking Candy From a Baby",6,"immunity",NA
"Survivor: Samoa",19,3,"It's Called a Russell Seed",8,"reward",NA
"Survivor: Samoa",19,3,"It's Called a Russell Seed",8,"immunity",NA
"Survivor: Samoa",19,4,"Hungry for a Win",11,"reward",NA
"Survivor: Samoa",19,4,"Hungry for a Win",11,"immunity",NA
"Survivor: Samoa",19,5,"Walking on Thin Ice",14,"reward",NA
"Survivor: Samoa",19,5,"Walking on Thin Ice",14,"immunity",NA
"Survivor: Samoa",19,7,"Houdini Magic",18,"reward",NA
"Survivor: Samoa",19,7,"Houdini Magic",18,"immunity",NA
"Survivor: Samoa",19,8,"All Hell Breaks Loose",21,"immunity",NA
"Survivor: Samoa",19,9,"Tastes Like Chicken",24,"reward",NA
"Survivor: Samoa",19,9,"Tastes Like Chicken",24,"immunity",NA
"Survivor: Samoa",19,10,"The Day of Reckoning",27,"reward",NA
"Survivor: Samoa",19,10,"The Day of Reckoning",27,"immunity",NA
"Survivor: Samoa",19,12,"Off With Their Heads!",30,"reward","SurvivorAuction"
"Survivor: Samoa",19,12,"Off With Their Heads!",30,"immunity",NA
"Survivor: Samoa",19,13,"Damage Control",31,"immunity",NA
"Survivor: Samoa",19,13,"Damage Control",33,"immunity",NA
"Survivor: Samoa",19,14,"Two Brains Are Better Than One",36,"reward",NA
"Survivor: Samoa",19,14,"Two Brains Are Better Than One",36,"immunity",NA
"Survivor: Samoa",19,15,"This Game Ain't Over",38,"immunity",NA
"Survivor: Samoa",19,15,"This Game Ain't Over",37,"immunity",NA
"Survivor: Tocantins",18,1,"Let's Get Rid of the Weak Players Before We Even Start",3,"reward",NA
"Survivor: Tocantins",18,1,"Let's Get Rid of the Weak Players Before We Even Start",3,"immunity",NA
"Survivor: Tocantins",18,2,"The Poison Apple Needs to Go",6,"reward",NA
"Survivor: Tocantins",18,2,"The Poison Apple Needs to Go",6,"immunity",NA
"Survivor: Tocantins",18,3,"Mama Said There'd Be Days Like This",9,"reward",NA
"Survivor: Tocantins",18,3,"Mama Said There'd Be Days Like This",9,"immunity",NA
"Survivor: Tocantins",18,4,"The Strongest Man Alive",12,"reward",NA
"Survivor: Tocantins",18,4,"The Strongest Man Alive",12,"immunity",NA
"Survivor: Tocantins",18,5,"You're Going to Want that Tooth",15,"reward",NA
"Survivor: Tocantins",18,5,"You're Going to Want that Tooth",15,"immunity",NA
"Survivor: Tocantins",18,7,"One of Those 'Coach Moments'",18,"reward",NA
"Survivor: Tocantins",18,7,"One of Those 'Coach Moments'",18,"immunity",NA
"Survivor: Tocantins",18,8,"The Dragon Slayer",20,"immunity",NA
"Survivor: Tocantins",18,9,"The Biggest Fraud in the Game",24,"reward",NA
"Survivor: Tocantins",18,9,"The Biggest Fraud in the Game",24,"immunity",NA
"Survivor: Tocantins",18,10,"It's Funny When People Cry",27,"reward",NA
"Survivor: Tocantins",18,10,"It's Funny When People Cry",27,"immunity",NA
"Survivor: Tocantins",18,11,"They Both Went Bananas",30,"reward",NA
"Survivor: Tocantins",18,11,"They Both Went Bananas",30,"immunity",NA
"Survivor: Tocantins",18,12,"The Ultimate Sacrifice",33,"reward","SurvivorAuction"
"Survivor: Tocantins",18,12,"The Ultimate Sacrifice",33,"immunity",NA
"Survivor: Tocantins",18,13,"The Martyr Approach",36,"reward",NA
"Survivor: Tocantins",18,13,"The Martyr Approach",36,"immunity",NA
"Survivor: Tocantins",18,14,"I Trust You But I Trust Me More",37,"immunity",NA
"Survivor: Gabon",17,1,"Want to See the Elephant Dung?",3,"reward",NA
"Survivor: Gabon",17,1,"Want to See the Elephant Dung?",3,"immunity",NA
"Survivor: Gabon",17,1,"Want to See the Elephant Dung?",6,"reward",NA
"Survivor: Gabon",17,1,"Want to See the Elephant Dung?",6,"immunity",NA
"Survivor: Gabon",17,2,"She Obviously is Post-Op!",9,"reward",NA
"Survivor: Gabon",17,2,"She Obviously is Post-Op!",9,"immunity",NA
"Survivor: Gabon",17,3,"It Was Like Christmas Morning!",12,"immunity",NA
"Survivor: Gabon",17,4,"This Camp is Cursed",15,"reward",NA
"Survivor: Gabon",17,4,"This Camp is Cursed",15,"immunity",NA
"Survivor: Gabon",17,5,"He's a Snake, But He's My Snake",18,"reward",NA
"Survivor: Gabon",17,5,"He's a Snake, But He's My Snake",18,"immunity",NA
"Survivor: Gabon",17,6,"It All Depends on the Pin-Up Girl",21,"reward",NA
"Survivor: Gabon",17,6,"It All Depends on the Pin-Up Girl",21,"immunity",NA
"Survivor: Gabon",17,7,"Apple in the Garden of Eden",24,"immunity",NA
"Survivor: Gabon",17,8,"The Brains Behind Everything",27,"immunity",NA
"Survivor: Gabon",17,9,"Nothing Tastes Better Than Five Hundred Dollars",30,"reward","SurvivorAuction"
"Survivor: Gabon",17,9,"Nothing Tastes Better Than Five Hundred Dollars",30,"immunity",NA
"Survivor: Gabon",17,11,"The Good Things in Life Aren’t Easy",33,"reward",NA
"Survivor: Gabon",17,11,"The Good Things in Life Aren’t Easy",33,"immunity",NA
"Survivor: Gabon",17,12,"The Good Guys Should Win in the End",36,"reward",NA
"Survivor: Gabon",17,12,"The Good Guys Should Win in the End",36,"immunity",NA
"Survivor: Gabon",17,13,"Say Goodbye to Gabon",37,"immunity",NA
"Survivor: Gabon",17,13,"Say Goodbye to Gabon",38,"immunity",NA
"Survivor: Micronesia",16,1,"You Guys Are Dumber Than You Look",3,"immunity",NA
"Survivor: Micronesia",16,1,"You Guys Are Dumber Than You Look",3,"reward",NA
"Survivor: Micronesia",16,2,"The Sounds of Jungle Love",6,"reward",NA
"Survivor: Micronesia",16,2,"The Sounds of Jungle Love",6,"immunity",NA
"Survivor: Micronesia",16,3,"I Should Be Carried on the Chariot-Type Thing!",8,"reward",NA
"Survivor: Micronesia",16,3,"I Should Be Carried on the Chariot-Type Thing!",8,"immunity",NA
"Survivor: Micronesia",16,4,"That's Baked, Barbecued and Fried!",11,"reward",NA
"Survivor: Micronesia",16,4,"That's Baked, Barbecued and Fried!",11,"immunity",NA
"Survivor: Micronesia",16,5,"He's a Ball of Goo!",14,"reward",NA
"Survivor: Micronesia",16,5,"He's a Ball of Goo!",14,"immunity",NA
"Survivor: Micronesia",16,6,"It Hit Everyone Pretty Hard",15,"reward",NA
"Survivor: Micronesia",16,6,"It Hit Everyone Pretty Hard",15,"immunity",NA
"Survivor: Micronesia",16,6,"It Hit Everyone Pretty Hard",17,"reward",NA
"Survivor: Micronesia",16,6,"It Hit Everyone Pretty Hard",17,"immunity",NA
"Survivor: Micronesia",16,7,"Like a Wide-Eyed Kid in the Candy Store",19,"reward",NA
"Survivor: Micronesia",16,7,"Like a Wide-Eyed Kid in the Candy Store",19,"immunity",NA
"Survivor: Micronesia",16,7,"Like a Wide-Eyed Kid in the Candy Store",20,"reward",NA
"Survivor: Micronesia",16,7,"Like a Wide-Eyed Kid in the Candy Store",20,"immunity",NA
"Survivor: Micronesia",16,8,"A Lost Puppy Dog",21,"reward",NA
"Survivor: Micronesia",16,8,"A Lost Puppy Dog",21,"immunity",NA
"Survivor: Micronesia",16,9,"I'm in Such a Hot Pickle!",24,"immunity",NA
"Survivor: Micronesia",16,10,"I Promise...",27,"reward",NA
"Survivor: Micronesia",16,10,"I Promise...",27,"immunity",NA
"Survivor: Micronesia",16,11,"I'm Ruthless... and Have a Smile on My Face",30,"reward","SurvivorAuction"
"Survivor: Micronesia",16,11,"I'm Ruthless... and Have a Smile on My Face",30,"immunity",NA
"Survivor: Micronesia",16,12,"I'm Gonna Fix Her!",31,"reward",NA
"Survivor: Micronesia",16,12,"I'm Gonna Fix Her!",31,"immunity",NA
"Survivor: Micronesia",16,12,"I'm Gonna Fix Her!",33,"reward",NA
"Survivor: Micronesia",16,12,"I'm Gonna Fix Her!",33,"immunity",NA
"Survivor: Micronesia",16,13,"If It Smells Like a Rat, Give It Cheese",36,"reward",NA
"Survivor: Micronesia",16,13,"If It Smells Like a Rat, Give It Cheese",36,"immunity",NA
"Survivor: Micronesia",16,14,"Stir the Pot!",37,"immunity",NA
"Survivor: China",15,1,"A Chicken's a Little Bit Smarter",3,"reward",NA
"Survivor: China",15,1,"A Chicken's a Little Bit Smarter",3,"immunity",NA
"Survivor: China",15,2,"My Mom Is Going to Kill Me!",6,"reward",NA
"Survivor: China",15,2,"My Mom Is Going to Kill Me!",6,"immunity",NA
"Survivor: China",15,3,"I Lost Two Hands and Possibly a Shoulder",9,"reward",NA
"Survivor: China",15,3,"I Lost Two Hands and Possibly a Shoulder",9,"immunity",NA
"Survivor: China",15,4,"Ride the Workhorse Till the Tail Falls Off",12,"reward",NA
"Survivor: China",15,4,"Ride the Workhorse Till the Tail Falls Off",12,"immunity",NA
"Survivor: China",15,5,"Love Is In the Air",15,"immunity",NA
"Survivor: China",15,6,"That's Love, Baby! It Makes You Strong!",18,"reward",NA
"Survivor: China",15,6,"That's Love, Baby! It Makes You Strong!",18,"immunity",NA
"Survivor: China",15,7,"I'm Not As Dumb As I Look",21,"immunity",NA
"Survivor: China",15,8,"High School Friend Contest",24,"reward",NA
"Survivor: China",15,8,"High School Friend Contest",24,"immunity",NA
"Survivor: China",15,9,"Just Don't Eat the Apple",27,"immunity",NA
"Survivor: China",15,9,"Just Don't Eat the Apple",27,"reward",NA
"Survivor: China",15,11,"Ready to Bite the Apple",30,"reward",NA
"Survivor: China",15,11,"Ready to Bite the Apple",30,"immunity",NA
"Survivor: China",15,12,"Going for the Oscar",33,"immunity",NA
"Survivor: China",15,12,"Going for the Oscar",33,"reward",NA
"Survivor: China",15,13,"Hello, I'm Still a Person",36,"reward",NA
"Survivor: China",15,13,"Hello, I'm Still a Person",36,"immunity",NA
"Survivor: China",15,14,"A Slippery Little Sucker",38,"reward",NA
"Survivor: China",15,14,"A Slippery Little Sucker",38,"immunity",NA
"Survivor: Fiji",14,1,"Something Cruel Is About to Happen... Real Soon",3,"reward",NA
"Survivor: Fiji",14,1,"Something Cruel Is About to Happen... Real Soon",3,"immunity",NA
"Survivor: Fiji",14,2,"Snakes Are Misunderstood...We Have an Understanding Now",6,"reward",NA
"Survivor: Fiji",14,2,"Snakes Are Misunderstood...We Have an Understanding Now",6,"immunity",NA
"Survivor: Fiji",14,3,"This Is Not Survival...It's a Thrival",8,"reward",NA
"Survivor: Fiji",14,3,"This Is Not Survival...It's a Thrival",8,"immunity",NA
"Survivor: Fiji",14,4,"Let's Just Call Jeff on the Jeff Phone",10,"reward",NA
"Survivor: Fiji",14,4,"Let's Just Call Jeff on the Jeff Phone",10,"immunity",NA
"Survivor: Fiji",14,4,"Let's Just Call Jeff on the Jeff Phone",11,"reward",NA
"Survivor: Fiji",14,4,"Let's Just Call Jeff on the Jeff Phone",11,"immunity",NA
"Survivor: Fiji",14,5,"Love Many, Trust Few, Do Wrong to None",14,"reward",NA
"Survivor: Fiji",14,5,"Love Many, Trust Few, Do Wrong to None",14,"immunity",NA
"Survivor: Fiji",14,6,"I've Got Strength Now to Carry the Flag",16,"immunity",NA
"Survivor: Fiji",14,7,"An Evil Thought",19,"reward",NA
"Survivor: Fiji",14,7,"An Evil Thought",19,"immunity",NA
"Survivor: Fiji",14,8,"So You Think You Can Meke?",21,"reward",NA
"Survivor: Fiji",14,8,"So You Think You Can Meke?",21,"immunity",NA
"Survivor: Fiji",14,9,"Are We Gonna Live on Exile Island?!",24,"reward",NA
"Survivor: Fiji",14,9,"Are We Gonna Live on Exile Island?!",24,"immunity",NA
"Survivor: Fiji",14,10,"It's a Turtle?!",27,"immunity",NA
"Survivor: Fiji",14,10,"It's a Turtle?!",27,"reward",NA
"Survivor: Fiji",14,11,"Blackmail or Betrayal",30,"reward",NA
"Survivor: Fiji",14,11,"Blackmail or Betrayal",30,"immunity",NA
"Survivor: Fiji",14,12,"A Smile, Velvet Gloves and a Dagger in My Pocket",33,"reward",NA
"Survivor: Fiji",14,12,"A Smile, Velvet Gloves and a Dagger in My Pocket",33,"immunity",NA
"Survivor: Fiji",14,13,"I Wanna See If I Can Make a Deal",36,"reward",NA
"Survivor: Fiji",14,13,"I Wanna See If I Can Make a Deal",36,"immunity",NA
"Survivor: Fiji",14,14,"You've Got That Puzzled Look",37,"immunity",NA
"Survivor: Fiji",14,14,"You've Got That Puzzled Look",38,"immunity",NA
"Survivor: Cook Islands",13,1,"I Can Forgive Her But I Don't Have ToBecause She Screwed With My Chickens",3,"reward",NA
"Survivor: Cook Islands",13,1,"I Can Forgive Her But I Don't Have ToBecause She Screwed With My Chickens",3,"immunity",NA
"Survivor: Cook Islands",13,2,"Dire Strengths and Dead Weight",6,"reward",NA
"Survivor: Cook Islands",13,2,"Dire Strengths and Dead Weight",6,"immunity",NA
"Survivor: Cook Islands",13,3,"Flirting and Frustration",8,"immunity",NA
"Survivor: Cook Islands",13,4,"Ruling the Roost",11,"reward",NA
"Survivor: Cook Islands",13,4,"Ruling the Roost",11,"immunity",NA
"Survivor: Cook Islands",13,5,"Don't Cry Over Spilled Octopus",14,"reward",NA
"Survivor: Cook Islands",13,5,"Don't Cry Over Spilled Octopus",14,"immunity",NA
"Survivor: Cook Islands",13,6,"Plan Voodoo",15,"reward",NA
"Survivor: Cook Islands",13,6,"Plan Voodoo",15,"immunity",NA
"Survivor: Cook Islands",13,8,"Why Aren't You Swimming?!",18,"reward",NA
"Survivor: Cook Islands",13,8,"Why Aren't You Swimming?!",18,"immunity",NA
"Survivor: Cook Islands",13,9,"Mutiny",21,"reward",NA
"Survivor: Cook Islands",13,9,"Mutiny",21,"immunity",NA
"Survivor: Cook Islands",13,10,"People That You Like Want To See You Suffer",24,"reward",NA
"Survivor: Cook Islands",13,10,"People That You Like Want To See You Suffer",24,"immunity",NA
"Survivor: Cook Islands",13,11,"Why Would You Trust Me?",27,"immunity",NA
"Survivor: Cook Islands",13,12,"You're a Rat...",30,"reward","SurvivorAuction"
"Survivor: Cook Islands",13,12,"You're a Rat...",30,"immunity",NA
"Survivor: Cook Islands",13,13,"Arranging a Hit",33,"reward",NA
"Survivor: Cook Islands",13,13,"Arranging a Hit",33,"immunity",NA
"Survivor: Cook Islands",13,14,"I Have the Advantage...For Once",36,"reward",NA
"Survivor: Cook Islands",13,14,"I Have the Advantage...For Once",36,"immunity",NA
"Survivor: Cook Islands",13,15,"This Tribe Will Self-Destruct in 5, 4, 3...",37,"immunity",NA
"Survivor: Cook Islands",13,15,"This Tribe Will Self-Destruct in 5, 4, 3...",38,"immunity",NA
"Survivor: Panama",12,1,"The First Exile",3,"reward",NA
"Survivor: Panama",12,1,"The First Exile",3,"immunity",NA
"Survivor: Panama",12,2,"Breakdown",6,"reward",NA
"Survivor: Panama",12,2,"Breakdown",6,"immunity",NA
"Survivor: Panama",12,3,"Crazy Fights, Snake Dinners",8,"reward",NA
"Survivor: Panama",12,3,"Crazy Fights, Snake Dinners",8,"immunity",NA
"Survivor: Panama",12,4,"Starvation and Lunacy",11,"reward",NA
"Survivor: Panama",12,4,"Starvation and Lunacy",11,"immunity",NA
"Survivor: Panama",12,5,"For Cod's Sake",14,"reward",NA
"Survivor: Panama",12,5,"For Cod's Sake",14,"immunity",NA
"Survivor: Panama",12,6,"Salvation and Desertion",15,"reward",NA
"Survivor: Panama",12,6,"Salvation and Desertion",15,"immunity",NA
"Survivor: Panama",12,8,"An Emerging Plan",18,"immunity",NA
"Survivor: Panama",12,9,"The Power of the Idol",21,"reward",NA
"Survivor: Panama",12,9,"The Power of the Idol",21,"immunity",NA
"Survivor: Panama",12,10,"Fight for Your Life or Eat",24,"reward",NA
"Survivor: Panama",12,10,"Fight for Your Life or Eat",24,"immunity",NA
"Survivor: Panama",12,11,"Medical Emergency",25,"reward",NA
"Survivor: Panama",12,12,"Perilous Scramble",30,"reward",NA
"Survivor: Panama",12,12,"Perilous Scramble",30,"immunity",NA
"Survivor: Panama",12,13,"Bamboozled",33,"reward",NA
"Survivor: Panama",12,13,"Bamboozled",33,"immunity",NA
"Survivor: Panama",12,15,"The Final Showdown",38,"reward",NA
"Survivor: Panama",12,15,"The Final Showdown",38,"immunity",NA
"Survivor: Guatemala",11,1,"Big Trek, Big Trouble, Big Surprise",3,"reward",NA
"Survivor: Guatemala",11,1,"Big Trek, Big Trouble, Big Surprise",3,"immunity",NA
"Survivor: Guatemala",11,2,"Man Down",6,"reward",NA
"Survivor: Guatemala",11,2,"Man Down",6,"immunity",NA
"Survivor: Guatemala",11,3,"The Brave May Not Live Long, but the Cautious Don't Live at All",8,"reward",NA
"Survivor: Guatemala",11,3,"The Brave May Not Live Long, but the Cautious Don't Live at All",8,"immunity",NA
"Survivor: Guatemala",11,4,"To Betray, or Not to Betray",11,"immunity",NA
"Survivor: Guatemala",11,5,"Crocs, Cowboys and City Slickers",14,"reward",NA
"Survivor: Guatemala",11,5,"Crocs, Cowboys and City Slickers",14,"immunity",NA
"Survivor: Guatemala",11,6,"Big Ball, Big Mouth, Big Trouble",15,"reward",NA
"Survivor: Guatemala",11,6,"Big Ball, Big Mouth, Big Trouble",15,"immunity",NA
"Survivor: Guatemala",11,7,"Surprise Enemy Visit",18,"reward",NA
"Survivor: Guatemala",11,7,"Surprise Enemy Visit",18,"immunity",NA
"Survivor: Guatemala",11,8,"The Hidden Immunity Idol",21,"immunity",NA
"Survivor: Guatemala",11,9,"Secrets and Lies and an Idol Surprise",24,"reward",NA
"Survivor: Guatemala",11,9,"Secrets and Lies and an Idol Surprise",24,"immunity",NA
"Survivor: Guatemala",11,10,"Eating and Sleeping With the Enemy",27,"reward",NA
"Survivor: Guatemala",11,10,"Eating and Sleeping With the Enemy",27,"immunity",NA
"Survivor: Guatemala",11,11,"Everything Is Personal",30,"reward",NA
"Survivor: Guatemala",11,11,"Everything Is Personal",30,"immunity",NA
"Survivor: Guatemala",11,12,"Price for Immunity",33,"reward","SurvivorAuction"
"Survivor: Guatemala",11,12,"Price for Immunity",33,"immunity",NA
"Survivor: Guatemala",11,13,"Big Win, Big Decision, Big Mistake?",36,"reward",NA
"Survivor: Guatemala",11,13,"Big Win, Big Decision, Big Mistake?",36,"immunity",NA
"Survivor: Guatemala",11,14,"Thunder Storms & Sacrifice",37,"immunity",NA
"Survivor: Guatemala",11,14,"Thunder Storms & Sacrifice",38,"immunity",NA
"Survivor: Palau",10,1,"This Has Never Happened Before!",2,"immunity",NA
"Survivor: Palau",10,1,"This Has Never Happened Before!",3,"reward",NA
"Survivor: Palau",10,1,"This Has Never Happened Before!",3,"immunity",NA
"Survivor: Palau",10,2,"Love is in the Air, Rats Are Everywhere",6,"reward",NA
"Survivor: Palau",10,2,"Love is in the Air, Rats Are Everywhere",6,"immunity",NA
"Survivor: Palau",10,3,"Dangerous Creatures and Horrible Setbacks",8,"reward",NA
"Survivor: Palau",10,3,"Dangerous Creatures and Horrible Setbacks",8,"immunity",NA
"Survivor: Palau",10,4,"Sumo at Sea",11,"reward",NA
"Survivor: Palau",10,4,"Sumo at Sea",11,"immunity",NA
"Survivor: Palau",10,5,"The Best and Worst Reward Ever",12,"reward",NA
"Survivor: Palau",10,5,"The Best and Worst Reward Ever",12,"immunity",NA
"Survivor: Palau",10,6,"Jellyfish 'N Chips",15,"reward",NA
"Survivor: Palau",10,6,"Jellyfish 'N Chips",15,"immunity",NA
"Survivor: Palau",10,7,"The Great White Shark Hunter",18,"reward",NA
"Survivor: Palau",10,7,"The Great White Shark Hunter",18,"immunity",NA
"Survivor: Palau",10,8,"Neanderthal Man",21,"reward",NA
"Survivor: Palau",10,8,"Neanderthal Man",21,"immunity",NA
"Survivor: Palau",10,9,"I Will Not Give Up",24,"immunity",NA
"Survivor: Palau",10,10,"Exile Island",27,"reward",NA
"Survivor: Palau",10,10,"Exile Island",27,"immunity",NA
"Survivor: Palau",10,11,"I'll Show You How Threatening I Am",30,"reward","SurvivorAuction"
"Survivor: Palau",10,11,"I'll Show You How Threatening I Am",30,"immunity",NA
"Survivor: Palau",10,12,"We'll Make You Pay",33,"reward",NA
"Survivor: Palau",10,12,"We'll Make You Pay",33,"immunity",NA
"Survivor: Palau",10,13,"It Could All Backfire",36,"reward",NA
"Survivor: Palau",10,13,"It Could All Backfire",36,"immunity",NA
"Survivor: Palau",10,14,"The Ultimate Shock",37,"immunity",NA
"Survivor: Palau",10,14,"The Ultimate Shock",38,"immunity",NA
"Survivor: Vanuatu",9,1,"They Came at Us With Spears!",3,"reward",NA
"Survivor: Vanuatu",9,1,"They Came at Us With Spears!",3,"immunity",NA
"Survivor: Vanuatu",9,2,"Burly Girls, Bowheads, YoungStuds, and the Old Bunch",6,"reward",NA
"Survivor: Vanuatu",9,2,"Burly Girls, Bowheads, YoungStuds, and the Old Bunch",6,"immunity",NA
"Survivor: Vanuatu",9,3,"Double Tribal, Double Trouble",7,"reward",NA
"Survivor: Vanuatu",9,3,"Double Tribal, Double Trouble",7,"immunity",NA
"Survivor: Vanuatu",9,4,"Now That's a Reward!",10,"reward",NA
"Survivor: Vanuatu",9,4,"Now That's a Reward!",10,"immunity",NA
"Survivor: Vanuatu",9,5,"Earthquakes and Shake-Ups!",12,"reward",NA
"Survivor: Vanuatu",9,5,"Earthquakes and Shake-Ups!",12,"immunity",NA
"Survivor: Vanuatu",9,6,"Hog Tied",15,"reward",NA
"Survivor: Vanuatu",9,6,"Hog Tied",15,"immunity",NA
"Survivor: Vanuatu",9,7,"Anger, Threats, Tears...and Coffee",18,"reward",NA
"Survivor: Vanuatu",9,7,"Anger, Threats, Tears...and Coffee",18,"immunity",NA
"Survivor: Vanuatu",9,8,"Now the Battle Really Begins",21,"immunity",NA
"Survivor: Vanuatu",9,9,"Gender Wars...It's Getting Ugly",24,"reward",NA
"Survivor: Vanuatu",9,9,"Gender Wars...It's Getting Ugly",24,"immunity",NA
"Survivor: Vanuatu",9,10,"Culture Shock and Violent Storms",27,"reward",NA
"Survivor: Vanuatu",9,10,"Culture Shock and Violent Storms",27,"immunity",NA
"Survivor: Vanuatu",9,11,"Surprise and...Surprise Again!",30,"reward",NA
"Survivor: Vanuatu",9,11,"Surprise and...Surprise Again!",30,"immunity",NA
"Survivor: Vanuatu",9,12,"Now Who's in Charge Here?!",33,"reward",NA
"Survivor: Vanuatu",9,12,"Now Who's in Charge Here?!",33,"immunity",NA
"Survivor: Vanuatu",9,13,"Eruption of Volcanic Magnitude",36,"reward",NA
"Survivor: Vanuatu",9,13,"Eruption of Volcanic Magnitude",36,"immunity",NA
"Survivor: Vanuatu",9,14,"Spirits and the Final Four",37,"immunity",NA
"Survivor: Vanuatu",9,14,"Spirits and the Final Four",38,"immunity",NA
"Survivor: All-Stars",8,1,"They're Back!",3,"immunity",NA
"Survivor: All-Stars",8,2,"Panicked, Desperate, Thirsty as Hell",6,"reward",NA
"Survivor: All-Stars",8,2,"Panicked, Desperate, Thirsty as Hell",6,"immunity",NA
"Survivor: All-Stars",8,3,"Shark Attack",9,"reward",NA
"Survivor: All-Stars",8,4,"Wipe Out!",12,"reward",NA
"Survivor: All-Stars",8,4,"Wipe Out!",12,"immunity",NA
"Survivor: All-Stars",8,5,"I've Been Bamboozled!",15,"reward",NA
"Survivor: All-Stars",8,5,"I've Been Bamboozled!",15,"immunity",NA
"Survivor: All-Stars",8,6,"Outraged",17,"reward",NA
"Survivor: All-Stars",8,7,"Sorry...I Blew It",19,"reward",NA
"Survivor: All-Stars",8,7,"Sorry...I Blew It",19,"immunity",NA
"Survivor: All-Stars",8,8,"Pick A Tribemate",21,"reward",NA
"Survivor: All-Stars",8,8,"Pick A Tribemate",21,"immunity",NA
"Survivor: All-Stars",8,10,"Mad Scramble and Broken Hearts",24,"immunity",NA
"Survivor: All-Stars",8,11,"Anger, Tears and Chaos",27,"reward",NA
"Survivor: All-Stars",8,11,"Anger, Tears and Chaos",27,"immunity",NA
"Survivor: All-Stars",8,12,"A Thoughtful Gesture or a Deceptive Plan",28,"reward",NA
"Survivor: All-Stars",8,12,"A Thoughtful Gesture or a Deceptive Plan",28,"immunity",NA
"Survivor: All-Stars",8,13,"Stupid People, Stupid, Stupid People",30,"reward",NA
"Survivor: All-Stars",8,13,"Stupid People, Stupid, Stupid People",30,"immunity",NA
"Survivor: All-Stars",8,14,"A Chapera Surprise",33,"reward",NA
"Survivor: All-Stars",8,14,"A Chapera Surprise",33,"immunity",NA
"Survivor: All-Stars",8,15,"The Instigator",36,"reward",NA
"Survivor: All-Stars",8,15,"The Instigator",36,"immunity",NA
"Survivor: All-Stars",8,16,"The Sole Surviving All-Star",37,"immunity",NA
"Survivor: All-Stars",8,16,"The Sole Surviving All-Star",38,"immunity",NA
"Survivor: Pearl Islands",7,1,"Beg, Barter, Steal",3,"immunity",NA
"Survivor: Pearl Islands",7,2,"To Quit or Not to Quit",6,"reward",NA
"Survivor: Pearl Islands",7,2,"To Quit or Not to Quit",6,"immunity",NA
"Survivor: Pearl Islands",7,3,"United We Stand, Divided We...?",9,"reward",NA
"Survivor: Pearl Islands",7,3,"United We Stand, Divided We...?",9,"immunity",NA
"Survivor: Pearl Islands",7,4,"Pick a Castaway...Any Castaway",12,"reward",NA
"Survivor: Pearl Islands",7,4,"Pick a Castaway...Any Castaway",12,"immunity",NA
"Survivor: Pearl Islands",7,5,"Everyone's Hero",15,"reward",NA
"Survivor: Pearl Islands",7,5,"Everyone's Hero",15,"immunity",NA
"Survivor: Pearl Islands",7,6,"Me and My Snake",18,"reward",NA
"Survivor: Pearl Islands",7,6,"Me and My Snake",18,"immunity",NA
"Survivor: Pearl Islands",7,7,"What the...?, Part 1",19,"immunity",NA
"Survivor: Pearl Islands",7,8,"What the...?, Part 2",21,"immunity",NA
"Survivor: Pearl Islands",7,9,"Shocking! Simply Shocking!",24,"reward",NA
"Survivor: Pearl Islands",7,9,"Shocking! Simply Shocking!",24,"immunity",NA
"Survivor: Pearl Islands",7,10,"Swimming With Sharks",27,"reward",NA
"Survivor: Pearl Islands",7,10,"Swimming With Sharks",27,"immunity",NA
"Survivor: Pearl Islands",7,11,"The Great Lie",30,"reward",NA
"Survivor: Pearl Islands",7,11,"The Great Lie",30,"immunity",NA
"Survivor: Pearl Islands",7,12,"Would You Be My Brutus Today?",33,"reward",NA
"Survivor: Pearl Islands",7,12,"Would You Be My Brutus Today?",33,"immunity",NA
"Survivor: Pearl Islands",7,13,"Mutiny",36,"reward",NA
"Survivor: Pearl Islands",7,13,"Mutiny",36,"immunity",NA
"Survivor: Pearl Islands",7,14,"Flames and Endurance",38,"immunity",NA
"Survivor: The Amazon",6,1,"Boys vs. Girls",3,"immunity",NA
"Survivor: The Amazon",6,2,"Storms",6,"reward",NA
"Survivor: The Amazon",6,2,"Storms",6,"immunity",NA
"Survivor: The Amazon",6,3,"Girl Power",9,"reward",NA
"Survivor: The Amazon",6,3,"Girl Power",9,"immunity",NA
"Survivor: The Amazon",6,4,"Trapped",12,"reward",NA
"Survivor: The Amazon",6,4,"Trapped",12,"immunity",NA
"Survivor: The Amazon",6,5,"Pick-up Sticks",15,"immunity",NA
"Survivor: The Amazon",6,6,"More Than Meats the Eye",18,"reward",NA
"Survivor: The Amazon",6,6,"More Than Meats the Eye",18,"immunity",NA
"Survivor: The Amazon",6,7,"Girls Gone Wilder",21,"immunity",NA
"Survivor: The Amazon",6,8,"Sleeping With the Enemy",24,"reward",NA
"Survivor: The Amazon",6,8,"Sleeping With the Enemy",24,"immunity",NA
"Survivor: The Amazon",6,9,"The Chain",27,"reward",NA
"Survivor: The Amazon",6,9,"The Chain",27,"immunity",NA
"Survivor: The Amazon",6,11,"Q and A",30,"reward","SurvivorAuction"
"Survivor: The Amazon",6,11,"Q and A",30,"immunity",NA
"Survivor: The Amazon",6,12,"Sour Grapes",33,"reward",NA
"Survivor: The Amazon",6,12,"Sour Grapes",33,"immunity",NA
"Survivor: The Amazon",6,13,"The Amazon Heats Up",36,"reward",NA
"Survivor: The Amazon",6,13,"The Amazon Heats Up",36,"immunity",NA
"Survivor: The Amazon",6,14,"...And Then There Were Four",37,"immunity",NA
"Survivor: The Amazon",6,14,"...And Then There Were Four",38,"immunity",NA
"Survivor: Thailand",5,1,"The Importance of Being Eldest",3,"immunity",NA
"Survivor: Thailand",5,2,"The Great Divide",6,"reward",NA
"Survivor: Thailand",5,2,"The Great Divide",6,"immunity",NA
"Survivor: Thailand",5,3,"Family Values",9,"reward",NA
"Survivor: Thailand",5,3,"Family Values",9,"immunity",NA
"Survivor: Thailand",5,4,"Gender Bender",12,"reward",NA
"Survivor: Thailand",5,4,"Gender Bender",12,"immunity",NA
"Survivor: Thailand",5,5,"The Ocean's Surprise",15,"reward","SurvivorAuction"
"Survivor: Thailand",5,5,"The Ocean's Surprise",15,"immunity",NA
"Survivor: Thailand",5,6,"The Power of One",18,"reward",NA
"Survivor: Thailand",5,6,"The Power of One",18,"immunity",NA
"Survivor: Thailand",5,7,"Assumptions",21,"immunity",NA
"Survivor: Thailand",5,8,"Sleeping with the Enemy",24,"immunity",NA
"Survivor: Thailand",5,9,"Desperate Measures",27,"reward",NA
"Survivor: Thailand",5,9,"Desperate Measures",27,"immunity",NA
"Survivor: Thailand",5,10,"While the Cats are Away",30,"reward",NA
"Survivor: Thailand",5,10,"While the Cats are Away",30,"immunity",NA
"Survivor: Thailand",5,12,"A Big Surprise... and Another",33,"reward",NA
"Survivor: Thailand",5,12,"A Big Surprise... and Another",33,"immunity",NA
"Survivor: Thailand",5,13,"The Tides are Turning",36,"reward",NA
"Survivor: Thailand",5,13,"The Tides are Turning",36,"immunity",NA
"Survivor: Thailand",5,14,"Slip Through Your Fingers",37,"immunity",NA
"Survivor: Thailand",5,14,"Slip Through Your Fingers",38,"immunity",NA
"Survivor: Marquesas",4,1,"Back to the Beach",3,"immunity",NA
"Survivor: Marquesas",4,2,"Nacho Momma",6,"reward",NA
"Survivor: Marquesas",4,2,"Nacho Momma",6,"immunity",NA
"Survivor: Marquesas",4,3,"No Pain, No Gain",9,"reward",NA
"Survivor: Marquesas",4,3,"No Pain, No Gain",9,"immunity",NA
"Survivor: Marquesas",4,4,"The Winds Twist",12,"immunity",NA
"Survivor: Marquesas",4,5,"The End of Innocence",15,"reward",NA
"Survivor: Marquesas",4,5,"The End of Innocence",15,"immunity",NA
"Survivor: Marquesas",4,6,"The Underdogs",18,"reward",NA
"Survivor: Marquesas",4,6,"The Underdogs",18,"immunity",NA
"Survivor: Marquesas",4,7,"True Lies",21,"immunity",NA
"Survivor: Marquesas",4,8,"Jury's Out",24,"reward",NA
"Survivor: Marquesas",4,8,"Jury's Out",24,"immunity",NA
"Survivor: Marquesas",4,10,"Two Peas in a Pod",27,"reward",NA
"Survivor: Marquesas",4,10,"Two Peas in a Pod",27,"immunity",NA
"Survivor: Marquesas",4,11,"The Princess",30,"reward",NA
"Survivor: Marquesas",4,11,"The Princess",30,"immunity",NA
"Survivor: Marquesas",4,12,"Marquesan Vacation",33,"reward",NA
"Survivor: Marquesas",4,12,"Marquesan Vacation",33,"immunity",NA
"Survivor: Marquesas",4,13,"A Tale of Two Cities",36,"reward",NA
"Survivor: Marquesas",4,13,"A Tale of Two Cities",36,"immunity",NA
"Survivor: Marquesas",4,14,"The Sole Survivor",37,"immunity",NA
"Survivor: Marquesas",4,14,"The Sole Survivor",38,"immunity",NA
"Survivor: Africa",3,1,"Question of Trust",3,"reward",NA
"Survivor: Africa",3,1,"Question of Trust",3,"immunity",NA
"Survivor: Africa",3,2,"Who's Zooming Whom?",6,"reward",NA
"Survivor: Africa",3,2,"Who's Zooming Whom?",6,"immunity",NA
"Survivor: Africa",3,3,"The Gods Are Angry",9,"reward",NA
"Survivor: Africa",3,3,"The Gods Are Angry",9,"immunity",NA
"Survivor: Africa",3,4,"The Young and Untrusted",12,"reward",NA
"Survivor: Africa",3,4,"The Young and Untrusted",12,"immunity",NA
"Survivor: Africa",3,5,"The Twist",15,"reward",NA
"Survivor: Africa",3,5,"The Twist",15,"immunity",NA
"Survivor: Africa",3,6,"I'd Never Do It To You",18,"reward",NA
"Survivor: Africa",3,6,"I'd Never Do It To You",18,"immunity",NA
"Survivor: Africa",3,7,"Will There Be a Feast Tonight?",21,"immunity",NA
"Survivor: Africa",3,9,"Smoking Out the Snake",24,"reward",NA
"Survivor: Africa",3,9,"Smoking Out the Snake",24,"immunity",NA
"Survivor: Africa",3,10,"Dinner, Movie and a Betrayal",27,"reward",NA
"Survivor: Africa",3,10,"Dinner, Movie and a Betrayal",27,"immunity",NA
"Survivor: Africa",3,11,"We Are Family",30,"reward","SurvivorAuction"
"Survivor: Africa",3,11,"We Are Family",30,"immunity",NA
"Survivor: Africa",3,12,"The Big Adventure",33,"reward",NA
"Survivor: Africa",3,12,"The Big Adventure",33,"immunity",NA
"Survivor: Africa",3,13,"Truth Be Told",36,"reward",NA
"Survivor: Africa",3,13,"Truth Be Told",36,"immunity",NA
"Survivor: Africa",3,14,"The Final Four: No Regrets",37,"immunity",NA
"Survivor: Africa",3,14,"The Final Four: No Regrets",38,"immunity",NA
"Survivor: The Australian Outback",2,1,"Stranded",3,"reward",NA
"Survivor: The Australian Outback",2,1,"Stranded",3,"immunity",NA
"Survivor: The Australian Outback",2,2,"Suspicion",6,"reward",NA
"Survivor: The Australian Outback",2,2,"Suspicion",6,"immunity",NA
"Survivor: The Australian Outback",2,3,"Trust No One",9,"reward",NA
"Survivor: The Australian Outback",2,3,"Trust No One",9,"immunity",NA
"Survivor: The Australian Outback",2,4,"The Killing Fields",12,"reward",NA
"Survivor: The Australian Outback",2,4,"The Killing Fields",12,"immunity",NA
"Survivor: The Australian Outback",2,5,"The Gloves Come Off",15,"reward",NA
"Survivor: The Australian Outback",2,5,"The Gloves Come Off",15,"immunity",NA
"Survivor: The Australian Outback",2,6,"Trial By Fire",17,"reward",NA
"Survivor: The Australian Outback",2,7,"The Merge",21,"immunity",NA
"Survivor: The Australian Outback",2,8,"Friends?",24,"reward",NA
"Survivor: The Australian Outback",2,8,"Friends?",24,"immunity",NA
"Survivor: The Australian Outback",2,10,"Honeymoon or Not?",27,"reward",NA
"Survivor: The Australian Outback",2,10,"Honeymoon or Not?",27,"immunity",NA
"Survivor: The Australian Outback",2,11,"Let's Make a Deal",30,"reward","SurvivorAuction"
"Survivor: The Australian Outback",2,11,"Let's Make a Deal",30,"immunity",NA
"Survivor: The Australian Outback",2,12,"No Longer Just a Game",33,"reward",NA
"Survivor: The Australian Outback",2,12,"No Longer Just a Game",33,"immunity",NA
"Survivor: The Australian Outback",2,13,"Enough Is Enough",36,"reward",NA
"Survivor: The Australian Outback",2,13,"Enough Is Enough",36,"immunity",NA
"Survivor: The Australian Outback",2,14,"The Final Four",39,"reward",NA
"Survivor: The Australian Outback",2,14,"The Final Four",39,"immunity",NA
"Survivor: The Australian Outback",2,15,"The Most Deserving",41,"immunity",NA
"Survivor: Borneo",1,1,"The Marooning",3,"reward",NA
"Survivor: Borneo",1,1,"The Marooning",3,"immunity",NA
"Survivor: Borneo",1,2,"The Generation Gap",6,"reward",NA
"Survivor: Borneo",1,2,"The Generation Gap",6,"immunity",NA
"Survivor: Borneo",1,3,"Quest for Food",9,"reward",NA
"Survivor: Borneo",1,3,"Quest for Food",9,"immunity",NA
"Survivor: Borneo",1,4,"Too Little, Too Late?",12,"reward",NA
"Survivor: Borneo",1,4,"Too Little, Too Late?",12,"immunity",NA
"Survivor: Borneo",1,5,"Pulling Your Own Weight",15,"reward",NA
"Survivor: Borneo",1,5,"Pulling Your Own Weight",15,"immunity",NA
"Survivor: Borneo",1,6,"Udder Revenge",18,"reward",NA
"Survivor: Borneo",1,6,"Udder Revenge",18,"immunity",NA
"Survivor: Borneo",1,7,"The Merger",21,"immunity",NA
"Survivor: Borneo",1,8,"Thy Name Is Duplicity",24,"reward",NA
"Survivor: Borneo",1,8,"Thy Name Is Duplicity",24,"immunity",NA
"Survivor: Borneo",1,9,"Old and New Bonds",27,"reward",NA
"Survivor: Borneo",1,9,"Old and New Bonds",27,"immunity",NA
"Survivor: Borneo",1,10,"Crack In the Alliance",30,"reward",NA
"Survivor: Borneo",1,10,"Crack In the Alliance",30,"immunity",NA
"Survivor: Borneo",1,11,"Long Hard Days",33,"reward",NA
"Survivor: Borneo",1,11,"Long Hard Days",33,"immunity",NA
"Survivor: Borneo",1,12,"Death of an Alliance",36,"reward",NA
"Survivor: Borneo",1,12,"Death of an Alliance",36,"immunity",NA
"Survivor: Borneo",1,13,"The Final Four",37,"immunity",NA
"Survivor: Borneo",1,13,"The Final Four",38,"immunity",NA
